This is XeTeX, Version 3.141592653-2.6-0.999998 (TeX Live 2026) (preloaded format=xelatex 2026.8.1)  26 AUG 2026 23:39
entering extended mode
 restricted \write18 enabled.
 file:line:error style messages enabled.
 %&-line parsing enabled.
**/Users/yudan/Documents/CdtQin/Math/MathWorks/saniangaokaoliangnianmoni/mainxb
(/Users/yudan/Documents/CdtQin/Math/MathWorks/saniangaokaoliangnianmoni/mainxb.tex
LaTeX2e <2025-11-01>
L3 programming layer <2026-01-19>
(./xbcls.cls
Document Class: xbcls 2024/09/24 v0.01 books document class
(/usr/local/texlive/2026/texmf-dist/tex/latex/ctex/ctexbook.cls (/usr/local/texlive/2026/texmf-dist/tex/latex/ctex/config/ctexbackend.cfg
File: ctexbackend.cfg 2022/07/14 v2.5.10 Backend configuration file (CTEX)
) (/usr/local/texlive/2026/texmf-dist/tex/latex/l3kernel/expl3.sty
Package: expl3 2026-01-19 L3 programming layer (loader) 
 (/usr/local/texlive/2026/texmf-dist/tex/latex/l3backend/l3backend-xetex.def
File: l3backend-xetex.def 2025-10-09 L3 backend support: XeTeX
\g__graphics_track_int=\count271
\g__pdfannot_backend_int=\count272
\g__pdfannot_backend_link_int=\count273
))
Document Class: ctexbook 2022/07/14 v2.5.10 Chinese adapter for class book (CTEX)
(/usr/local/texlive/2026/texmf-dist/tex/latex/ctex/ctexhook.sty
Package: ctexhook 2022/07/14 v2.5.10 Document and package hooks (CTEX)
) (/usr/local/texlive/2026/texmf-dist/tex/latex/ctex/ctexpatch.sty
Package: ctexpatch 2022/07/14 v2.5.10 Patching commands (CTEX)
) (/usr/local/texlive/2026/texmf-dist/tex/latex/base/fix-cm.sty
Package: fix-cm 2020/11/24 v1.1t fixes to LaTeX
 (/usr/local/texlive/2026/texmf-dist/tex/latex/base/ts1enc.def
File: ts1enc.def 2001/06/05 v3.0e (jk/car/fm) Standard LaTeX file
LaTeX Font Info:    Redeclaring font encoding TS1 on input line 47.
LaTeX Encoding Info:    Redeclaring text command \capitalcedilla (encoding TS1) on input line 49.
LaTeX Encoding Info:    Redeclaring text command \capitalogonek (encoding TS1) on input line 52.
LaTeX Encoding Info:    Redeclaring text command \capitalgrave (encoding TS1) on input line 55.
LaTeX Encoding Info:    Redeclaring text command \capitalacute (encoding TS1) on input line 56.
LaTeX Encoding Info:    Redeclaring text command \capitalcircumflex (encoding TS1) on input line 57.
LaTeX Encoding Info:    Redeclaring text command \capitaltilde (encoding TS1) on input line 58.
LaTeX Encoding Info:    Redeclaring text command \capitaldieresis (encoding TS1) on input line 59.
LaTeX Encoding Info:    Redeclaring text command \capitalhungarumlaut (encoding TS1) on input line 60.
LaTeX Encoding Info:    Redeclaring text command \capitalring (encoding TS1) on input line 61.
LaTeX Encoding Info:    Redeclaring text command \capitalcaron (encoding TS1) on input line 62.
LaTeX Encoding Info:    Redeclaring text command \capitalbreve (encoding TS1) on input line 63.
LaTeX Encoding Info:    Redeclaring text command \capitalmacron (encoding TS1) on input line 64.
LaTeX Encoding Info:    Redeclaring text command \capitaldotaccent (encoding TS1) on input line 65.
LaTeX Encoding Info:    Redeclaring text command \t (encoding TS1) on input line 66.
LaTeX Encoding Info:    Redeclaring text command \capitaltie (encoding TS1) on input line 67.
LaTeX Encoding Info:    Redeclaring text command \newtie (encoding TS1) on input line 68.
LaTeX Encoding Info:    Redeclaring text command \capitalnewtie (encoding TS1) on input line 69.
LaTeX Encoding Info:    Redeclaring text symbol \textcapitalcompwordmark (encoding TS1) on input line 70.
LaTeX Encoding Info:    Redeclaring text symbol \textascendercompwordmark (encoding TS1) on input line 71.
LaTeX Encoding Info:    Redeclaring text symbol \textquotestraightbase (encoding TS1) on input line 72.
LaTeX Encoding Info:    Redeclaring text symbol \textquotestraightdblbase (encoding TS1) on input line 73.
LaTeX Encoding Info:    Redeclaring text symbol \texttwelveudash (encoding TS1) on input line 74.
LaTeX Encoding Info:    Redeclaring text symbol \textthreequartersemdash (encoding TS1) on input line 75.
LaTeX Encoding Info:    Redeclaring text symbol \textleftarrow (encoding TS1) on input line 76.
LaTeX Encoding Info:    Redeclaring text symbol \textrightarrow (encoding TS1) on input line 77.
LaTeX Encoding Info:    Redeclaring text symbol \textblank (encoding TS1) on input line 78.
LaTeX Encoding Info:    Redeclaring text symbol \textdollar (encoding TS1) on input line 79.
LaTeX Encoding Info:    Redeclaring text symbol \textquotesingle (encoding TS1) on input line 80.
LaTeX Encoding Info:    Redeclaring text command \textasteriskcentered (encoding TS1) on input line 81.
LaTeX Encoding Info:    Redeclaring text symbol \textdblhyphen (encoding TS1) on input line 92.
LaTeX Encoding Info:    Redeclaring text symbol \textfractionsolidus (encoding TS1) on input line 93.
LaTeX Encoding Info:    Redeclaring text symbol \textzerooldstyle (encoding TS1) on input line 94.
LaTeX Encoding Info:    Redeclaring text symbol \textoneoldstyle (encoding TS1) on input line 95.
LaTeX Encoding Info:    Redeclaring text symbol \texttwooldstyle (encoding TS1) on input line 96.
LaTeX Encoding Info:    Redeclaring text symbol \textthreeoldstyle (encoding TS1) on input line 97.
LaTeX Encoding Info:    Redeclaring text symbol \textfouroldstyle (encoding TS1) on input line 98.
LaTeX Encoding Info:    Redeclaring text symbol \textfiveoldstyle (encoding TS1) on input line 99.
LaTeX Encoding Info:    Redeclaring text symbol \textsixoldstyle (encoding TS1) on input line 100.
LaTeX Encoding Info:    Redeclaring text symbol \textsevenoldstyle (encoding TS1) on input line 101.
LaTeX Encoding Info:    Redeclaring text symbol \texteightoldstyle (encoding TS1) on input line 102.
LaTeX Encoding Info:    Redeclaring text symbol \textnineoldstyle (encoding TS1) on input line 103.
LaTeX Encoding Info:    Redeclaring text symbol \textlangle (encoding TS1) on input line 104.
LaTeX Encoding Info:    Redeclaring text symbol \textminus (encoding TS1) on input line 105.
LaTeX Encoding Info:    Redeclaring text symbol \textrangle (encoding TS1) on input line 106.
LaTeX Encoding Info:    Redeclaring text symbol \textmho (encoding TS1) on input line 107.
LaTeX Encoding Info:    Redeclaring text symbol \textbigcircle (encoding TS1) on input line 108.
LaTeX Encoding Info:    Redeclaring text command \textcircled (encoding TS1) on input line 109.
LaTeX Encoding Info:    Redeclaring text symbol \textohm (encoding TS1) on input line 115.
LaTeX Encoding Info:    Redeclaring text symbol \textlbrackdbl (encoding TS1) on input line 116.
LaTeX Encoding Info:    Redeclaring text symbol \textrbrackdbl (encoding TS1) on input line 117.
LaTeX Encoding Info:    Redeclaring text symbol \textuparrow (encoding TS1) on input line 118.
LaTeX Encoding Info:    Redeclaring text symbol \textdownarrow (encoding TS1) on input line 119.
LaTeX Encoding Info:    Redeclaring text symbol \textasciigrave (encoding TS1) on input line 120.
LaTeX Encoding Info:    Redeclaring text symbol \textborn (encoding TS1) on input line 121.
LaTeX Encoding Info:    Redeclaring text symbol \textdivorced (encoding TS1) on input line 122.
LaTeX Encoding Info:    Redeclaring text symbol \textdied (encoding TS1) on input line 123.
LaTeX Encoding Info:    Redeclaring text symbol \textleaf (encoding TS1) on input line 124.
LaTeX Encoding Info:    Redeclaring text symbol \textmarried (encoding TS1) on input line 125.
LaTeX Encoding Info:    Redeclaring text symbol \textmusicalnote (encoding TS1) on input line 126.
LaTeX Encoding Info:    Redeclaring text symbol \texttildelow (encoding TS1) on input line 127.
LaTeX Encoding Info:    Redeclaring text symbol \textdblhyphenchar (encoding TS1) on input line 128.
LaTeX Encoding Info:    Redeclaring text symbol \textasciibreve (encoding TS1) on input line 129.
LaTeX Encoding Info:    Redeclaring text symbol \textasciicaron (encoding TS1) on input line 130.
LaTeX Encoding Info:    Redeclaring text symbol \textacutedbl (encoding TS1) on input line 131.
LaTeX Encoding Info:    Redeclaring text symbol \textgravedbl (encoding TS1) on input line 132.
LaTeX Encoding Info:    Redeclaring text symbol \textdagger (encoding TS1) on input line 133.
LaTeX Encoding Info:    Redeclaring text symbol \textdaggerdbl (encoding TS1) on input line 134.
LaTeX Encoding Info:    Redeclaring text symbol \textbardbl (encoding TS1) on input line 135.
LaTeX Encoding Info:    Redeclaring text symbol \textperthousand (encoding TS1) on input line 136.
LaTeX Encoding Info:    Redeclaring text symbol \textbullet (encoding TS1) on input line 137.
LaTeX Encoding Info:    Redeclaring text symbol \textcelsius (encoding TS1) on input line 138.
LaTeX Encoding Info:    Redeclaring text symbol \textdollaroldstyle (encoding TS1) on input line 139.
LaTeX Encoding Info:    Redeclaring text symbol \textcentoldstyle (encoding TS1) on input line 140.
LaTeX Encoding Info:    Redeclaring text symbol \textflorin (encoding TS1) on input line 141.
LaTeX Encoding Info:    Redeclaring text symbol \textcolonmonetary (encoding TS1) on input line 142.
LaTeX Encoding Info:    Redeclaring text symbol \textwon (encoding TS1) on input line 143.
LaTeX Encoding Info:    Redeclaring text symbol \textnaira (encoding TS1) on input line 144.
LaTeX Encoding Info:    Redeclaring text symbol \textguarani (encoding TS1) on input line 145.
LaTeX Encoding Info:    Redeclaring text symbol \textpeso (encoding TS1) on input line 146.
LaTeX Encoding Info:    Redeclaring text symbol \textlira (encoding TS1) on input line 147.
LaTeX Encoding Info:    Redeclaring text symbol \textrecipe (encoding TS1) on input line 148.
LaTeX Encoding Info:    Redeclaring text symbol \textinterrobang (encoding TS1) on input line 149.
LaTeX Encoding Info:    Redeclaring text symbol \textinterrobangdown (encoding TS1) on input line 150.
LaTeX Encoding Info:    Redeclaring text symbol \textdong (encoding TS1) on input line 151.
LaTeX Encoding Info:    Redeclaring text symbol \texttrademark (encoding TS1) on input line 152.
LaTeX Encoding Info:    Redeclaring text symbol \textpertenthousand (encoding TS1) on input line 153.
LaTeX Encoding Info:    Redeclaring text symbol \textpilcrow (encoding TS1) on input line 154.
LaTeX Encoding Info:    Redeclaring text symbol \textbaht (encoding TS1) on input line 155.
LaTeX Encoding Info:    Redeclaring text symbol \textnumero (encoding TS1) on input line 156.
LaTeX Encoding Info:    Redeclaring text symbol \textdiscount (encoding TS1) on input line 157.
LaTeX Encoding Info:    Redeclaring text symbol \textestimated (encoding TS1) on input line 158.
LaTeX Encoding Info:    Redeclaring text symbol \textopenbullet (encoding TS1) on input line 159.
LaTeX Encoding Info:    Redeclaring text symbol \textservicemark (encoding TS1) on input line 160.
LaTeX Encoding Info:    Redeclaring text symbol \textlquill (encoding TS1) on input line 161.
LaTeX Encoding Info:    Redeclaring text symbol \textrquill (encoding TS1) on input line 162.
LaTeX Encoding Info:    Redeclaring text symbol \textcent (encoding TS1) on input line 163.
LaTeX Encoding Info:    Redeclaring text symbol \textsterling (encoding TS1) on input line 164.
LaTeX Encoding Info:    Redeclaring text symbol \textcurrency (encoding TS1) on input line 165.
LaTeX Encoding Info:    Redeclaring text symbol \textyen (encoding TS1) on input line 166.
LaTeX Encoding Info:    Redeclaring text symbol \textbrokenbar (encoding TS1) on input line 167.
LaTeX Encoding Info:    Redeclaring text symbol \textsection (encoding TS1) on input line 168.
LaTeX Encoding Info:    Redeclaring text symbol \textasciidieresis (encoding TS1) on input line 169.
LaTeX Encoding Info:    Redeclaring text symbol \textcopyright (encoding TS1) on input line 170.
LaTeX Encoding Info:    Redeclaring text symbol \textordfeminine (encoding TS1) on input line 171.
LaTeX Encoding Info:    Redeclaring text symbol \textcopyleft (encoding TS1) on input line 172.
LaTeX Encoding Info:    Redeclaring text symbol \textlnot (encoding TS1) on input line 173.
LaTeX Encoding Info:    Redeclaring text symbol \textcircledP (encoding TS1) on input line 174.
LaTeX Encoding Info:    Redeclaring text symbol \textregistered (encoding TS1) on input line 175.
LaTeX Encoding Info:    Redeclaring text symbol \textasciimacron (encoding TS1) on input line 176.
LaTeX Encoding Info:    Redeclaring text symbol \textdegree (encoding TS1) on input line 177.
LaTeX Encoding Info:    Redeclaring text symbol \textpm (encoding TS1) on input line 178.
LaTeX Encoding Info:    Redeclaring text symbol \texttwosuperior (encoding TS1) on input line 179.
LaTeX Encoding Info:    Redeclaring text symbol \textthreesuperior (encoding TS1) on input line 180.
LaTeX Encoding Info:    Redeclaring text symbol \textasciiacute (encoding TS1) on input line 181.
LaTeX Encoding Info:    Redeclaring text symbol \textmu (encoding TS1) on input line 182.
LaTeX Encoding Info:    Redeclaring text symbol \textparagraph (encoding TS1) on input line 183.
LaTeX Encoding Info:    Redeclaring text symbol \textperiodcentered (encoding TS1) on input line 184.
LaTeX Encoding Info:    Redeclaring text symbol \textreferencemark (encoding TS1) on input line 185.
LaTeX Encoding Info:    Redeclaring text symbol \textonesuperior (encoding TS1) on input line 186.
LaTeX Encoding Info:    Redeclaring text symbol \textordmasculine (encoding TS1) on input line 187.
LaTeX Encoding Info:    Redeclaring text symbol \textsurd (encoding TS1) on input line 188.
LaTeX Encoding Info:    Redeclaring text symbol \textonequarter (encoding TS1) on input line 189.
LaTeX Encoding Info:    Redeclaring text symbol \textonehalf (encoding TS1) on input line 190.
LaTeX Encoding Info:    Redeclaring text symbol \textthreequarters (encoding TS1) on input line 191.
LaTeX Encoding Info:    Redeclaring text symbol \texteuro (encoding TS1) on input line 192.
LaTeX Encoding Info:    Redeclaring text symbol \texttimes (encoding TS1) on input line 193.
LaTeX Encoding Info:    Redeclaring text symbol \textdiv (encoding TS1) on input line 194.
))
\l__ctex_tmp_int=\count274
\l__ctex_tmp_box=\box53
\l__ctex_tmp_dim=\dimen148
\g__ctex_section_depth_int=\count275
\g__ctex_font_size_int=\count276
 (/usr/local/texlive/2026/texmf-dist/tex/latex/ctex/config/ctexopts.cfg
File: ctexopts.cfg 2022/07/14 v2.5.10 Option configuration file (CTEX)
) (/usr/local/texlive/2026/texmf-dist/tex/latex/base/book.cls
Document Class: book 2025/01/22 v1.4n Standard LaTeX document class
(/usr/local/texlive/2026/texmf-dist/tex/latex/base/bk10.clo
File: bk10.clo 2025/01/22 v1.4n Standard LaTeX file (size option)
)
\c@part=\count277
\c@chapter=\count278
\c@section=\count279
\c@subsection=\count280
\c@subsubsection=\count281
\c@paragraph=\count282
\c@subparagraph=\count283
\c@figure=\count284
\c@table=\count285
\abovecaptionskip=\skip49
\belowcaptionskip=\skip50
\bibindent=\dimen149
) (/usr/local/texlive/2026/texmf-dist/tex/latex/ctex/engine/ctex-engine-xetex.def
File: ctex-engine-xetex.def 2022/07/14 v2.5.10 XeLaTeX adapter (CTEX)
 (/usr/local/texlive/2026/texmf-dist/tex/xelatex/xecjk/xeCJK.sty
Package: xeCJK 2022/08/05 v3.9.1 Typesetting CJK scripts with XeLaTeX
 (/usr/local/texlive/2026/texmf-dist/tex/latex/l3packages/xtemplate/xtemplate.sty
Package: xtemplate 2025-10-09 L3 Experimental prototype document functions
)
\l__xeCJK_tmp_int=\count286
\l__xeCJK_tmp_box=\box54
\l__xeCJK_tmp_dim=\dimen150
\l__xeCJK_tmp_skip=\skip51
\g__xeCJK_space_factor_int=\count287
\l__xeCJK_begin_int=\count288
\l__xeCJK_end_int=\count289
\c__xeCJK_CJK_class_int=\XeTeXcharclass1
\c__xeCJK_FullLeft_class_int=\XeTeXcharclass2
\c__xeCJK_FullRight_class_int=\XeTeXcharclass3
\c__xeCJK_HalfLeft_class_int=\XeTeXcharclass4
\c__xeCJK_HalfRight_class_int=\XeTeXcharclass5
\c__xeCJK_NormalSpace_class_int=\XeTeXcharclass6
\c__xeCJK_CM_class_int=\XeTeXcharclass7
\c__xeCJK_HangulJamo_class_int=\XeTeXcharclass8
\l__xeCJK_last_skip=\skip52
\c__xeCJK_none_node=\count290
\g__xeCJK_node_int=\count291
\c__xeCJK_CJK_node_dim=\dimen151
\c__xeCJK_CJK-space_node_dim=\dimen152
\c__xeCJK_default_node_dim=\dimen153
\c__xeCJK_CJK-widow_node_dim=\dimen154
\c__xeCJK_normalspace_node_dim=\dimen155
\c__xeCJK_default-space_node_skip=\skip53
\l__xeCJK_ccglue_skip=\skip54
\l__xeCJK_ecglue_skip=\skip55
\l__xeCJK_punct_kern_skip=\skip56
\l__xeCJK_indent_box=\box55
\l__xeCJK_last_penalty_int=\count292
\l__xeCJK_last_bound_dim=\dimen156
\l__xeCJK_last_kern_dim=\dimen157
\l__xeCJK_widow_penalty_int=\count293

LaTeX template Info: Declaring template type 'xeCJK/punctuation' taking 0
(template)           argument(s) on line 2396.

\l__xeCJK_fixed_punct_width_dim=\dimen158
\l__xeCJK_mixed_punct_width_dim=\dimen159
\l__xeCJK_middle_punct_width_dim=\dimen160
\l__xeCJK_fixed_margin_width_dim=\dimen161
\l__xeCJK_mixed_margin_width_dim=\dimen162
\l__xeCJK_middle_margin_width_dim=\dimen163
\l__xeCJK_bound_punct_width_dim=\dimen164
\l__xeCJK_bound_margin_width_dim=\dimen165
\l__xeCJK_margin_minimum_dim=\dimen166
\l__xeCJK_kerning_total_width_dim=\dimen167
\l__xeCJK_same_align_margin_dim=\dimen168
\l__xeCJK_different_align_margin_dim=\dimen169
\l__xeCJK_kerning_margin_width_dim=\dimen170
\l__xeCJK_kerning_margin_minimum_dim=\dimen171
\l__xeCJK_bound_dim=\dimen172
\l__xeCJK_reverse_bound_dim=\dimen173
\l__xeCJK_margin_dim=\dimen174
\l__xeCJK_minimum_bound_dim=\dimen175
\l__xeCJK_kerning_margin_dim=\dimen176
\g__xeCJK_family_int=\count294
\l__xeCJK_fam_int=\count295
\g__xeCJK_fam_allocation_int=\count296
\l__xeCJK_verb_case_int=\count297
\l__xeCJK_verb_exspace_skip=\skip57
 (/usr/local/texlive/2026/texmf-dist/tex/latex/fontspec/fontspec.sty (/usr/local/texlive/2026/texmf-dist/tex/latex/l3packages/xparse/xparse.sty
Package: xparse 2025-10-09 L3 Experimental document command parser
)
Package: fontspec 2025/09/29 v2.9g Font selection for XeLaTeX and LuaLaTeX
 (/usr/local/texlive/2026/texmf-dist/tex/latex/fontspec/fontspec-xetex.sty
Package: fontspec-xetex 2025/09/29 v2.9g Font selection for XeLaTeX and LuaLaTeX
\l__fontspec_script_int=\count298
\l__fontspec_language_int=\count299
\l__fontspec_strnum_int=\count300
\l__fontspec_tmp_int=\count301
\l__fontspec_tmpa_int=\count302
\l__fontspec_tmpb_int=\count303
\l__fontspec_tmpc_int=\count304
\l__fontspec_em_int=\count305
\l__fontspec_emdef_int=\count306
\l__fontspec_strong_int=\count307
\l__fontspec_strongdef_int=\count308
\l__fontspec_tmpa_dim=\dimen177
\l__fontspec_tmpb_dim=\dimen178
\l__fontspec_tmpc_dim=\dimen179
 (/usr/local/texlive/2026/texmf-dist/tex/latex/base/fontenc.sty
Package: fontenc 2025/07/18 v2.1d Standard LaTeX package
) (/usr/local/texlive/2026/texmf-dist/tex/latex/fontspec/fontspec.cfg))) (/usr/local/texlive/2026/texmf-dist/tex/xelatex/xecjk/xeCJK.cfg
File: xeCJK.cfg 2022/08/05 v3.9.1 Configuration file for xeCJK package
))
\ccwd=\dimen180
\l__ctex_ccglue_skip=\skip58
)
\l__ctex_ziju_dim=\dimen181
 (/usr/local/texlive/2026/texmf-dist/tex/latex/zhnumber/zhnumber.sty
Package: zhnumber 2022/07/14 v3.0 Typesetting numbers with Chinese glyphs
\l__zhnum_scale_int=\count309
\l__zhnum_tmp_int=\count310
 (/usr/local/texlive/2026/texmf-dist/tex/latex/zhnumber/zhnumber-utf8.cfg
File: zhnumber-utf8.cfg 2022/07/14 v3.0 Chinese numerals with UTF8 encoding
))
\l__ctex_heading_skip=\skip59
 (/usr/local/texlive/2026/texmf-dist/tex/latex/ctex/scheme/ctex-scheme-chinese-book.def
File: ctex-scheme-chinese-book.def 2022/07/14 v2.5.10 Chinese scheme for book (CTEX)
 (/usr/local/texlive/2026/texmf-dist/tex/latex/ctex/config/ctex-name-utf8.cfg
File: ctex-name-utf8.cfg 2022/07/14 v2.5.10 Caption with encoding UTF-8 (CTEX)
)) (/usr/local/texlive/2026/texmf-dist/tex/latex/ctex/ctex-c5size.clo
File: ctex-c5size.clo 2022/07/14 v2.5.10 c5size option (CTEX)
) (/usr/local/texlive/2026/texmf-dist/tex/latex/ctex/fontset/ctex-fontset-mac.def
File: ctex-fontset-mac.def 2022/07/14 v2.5.10 macOS fonts definition (CTEX)
 (/usr/local/texlive/2026/texmf-dist/tex/latex/ctex/fontset/ctex-fontset-macnew.def
File: ctex-fontset-macnew.def 2022/07/14 v2.5.10 macOS fonts definition for El Capitan or later version (CTEX)

Package fontspec Info: 
(fontspec)             Script 'CJK' not explicitly supported within font
(fontspec)             'Songti SC Light'. Check the typeset output, and if it
(fontspec)             is okay then ignore this warning. Otherwise a different
(fontspec)             font should be chosen.


Package fontspec Info: 
(fontspec)             Font family 'SongtiSCLight(0)' created for font 'Songti
(fontspec)             SC Light' with options
(fontspec)             [Script={CJK},BoldItalicFont={Kaiti SC
(fontspec)             Bold},BoldFont={Songti SC Bold},ItalicFont={Kaiti SC}].
(fontspec)              
(fontspec)              This font family consists of the following NFSS
(fontspec)             series/shapes:
(fontspec)              
(fontspec)             - 'normal' (m/n) with NFSS spec.: <->"Songti SC
(fontspec)             Light/OT:script=hani;language=dflt;"
(fontspec)             - 'bold' (b/n) with NFSS spec.: <->"Songti SC
(fontspec)             Bold/OT:script=hani;language=dflt;"
(fontspec)             - 'italic' (m/it) with NFSS spec.: <->"Kaiti
(fontspec)             SC/OT:script=hani;language=dflt;"
(fontspec)             - 'bold italic' (b/it) with NFSS spec.: <->"Kaiti SC
(fontspec)             Bold/OT:script=hani;language=dflt;"

))) (/usr/local/texlive/2026/texmf-dist/tex/latex/ctex/config/ctex.cfg
File: ctex.cfg 2022/07/14 v2.5.10 Configuration file (CTEX)
)

Package xeCJK Warning: Redefining CJKfamily `\CJKrmdefault'
(xeCJK)                (SongtiSCLight(0)).


Package fontspec Info: 
(fontspec)             Script 'CJK' not explicitly supported within font
(fontspec)             'Songti SC'. Check the typeset output, and if it is
(fontspec)             okay then ignore this warning. Otherwise a different
(fontspec)             font should be chosen.


Package fontspec Info: 
(fontspec)             Font family 'SongtiSC(0)' created for font 'Songti SC'
(fontspec)             with options
(fontspec)             [Script={CJK},UprightFont={*},BoldFont={Songti SC
(fontspec)             Bold},AutoFakeSlant={0.2}].
(fontspec)              
(fontspec)              This font family consists of the following NFSS
(fontspec)             series/shapes:
(fontspec)              
(fontspec)             - 'normal' (m/n) with NFSS spec.: <->"Songti
(fontspec)             SC/OT:script=hani;language=dflt;"
(fontspec)             - 'bold' (b/n) with NFSS spec.: <->"Songti SC
(fontspec)             Bold/OT:script=hani;language=dflt;"
(fontspec)             - 'italic' (m/it) with NFSS spec.: <->"Songti
(fontspec)             SC/OT:script=hani;language=dflt;slant=0.2;"
(fontspec)             - 'bold italic' (b/it) with NFSS spec.: <->"Songti
(fontspec)             SC/B/OT:script=hani;language=dflt;"


Package fontspec Info: 
(fontspec)             Font family 'lmroman10-regular(0)' created for font
(fontspec)             'lmroman10-regular' with options
(fontspec)             [Ligatures=TeX,Extension = .otf,UprightFont =
(fontspec)             *,BoldFont = lmroman10-bold,ItalicFont =
(fontspec)             lmroman10-italic,BoldItalicFont =
(fontspec)             lmroman10-bolditalic].
(fontspec)              
(fontspec)              This font family consists of the following NFSS
(fontspec)             series/shapes:
(fontspec)              
(fontspec)             - 'normal' (m/n) with NFSS spec.:
(fontspec)             <->"[lmroman10-regular.otf]/OT:script=latn;language=dflt;mapping=tex-text;"
(fontspec)             - 'bold' (b/n) with NFSS spec.:
(fontspec)             <->"[lmroman10-bold.otf]/OT:script=latn;language=dflt;mapping=tex-text;"
(fontspec)             - 'italic' (m/it) with NFSS spec.:
(fontspec)             <->"[lmroman10-italic.otf]/OT:script=latn;language=dflt;mapping=tex-text;"
(fontspec)             - 'bold italic' (b/it) with NFSS spec.:
(fontspec)             <->"[lmroman10-bolditalic.otf]/OT:script=latn;language=dflt;mapping=tex-text;"

(/usr/local/texlive/2026/texmf-dist/tex/latex/geometry/geometry.sty
Package: geometry 2026/03/07 v6.0 Page Geometry
 (/usr/local/texlive/2026/texmf-dist/tex/latex/graphics/keyval.sty
Package: keyval 2022/05/29 v1.15 key=value parser (DPC)
\KV@toks@=\toks17
) (/usr/local/texlive/2026/texmf-dist/tex/generic/iftex/ifvtex.sty
Package: ifvtex 2019/10/25 v1.7 ifvtex legacy package. Use iftex instead.
 (/usr/local/texlive/2026/texmf-dist/tex/generic/iftex/iftex.sty
Package: iftex 2024/12/12 v1.0g TeX engine tests
))
\Gm@cnth=\count311
\Gm@cntv=\count312
\c@Gm@tempcnt=\count313
\Gm@bindingoffset=\dimen182
\Gm@wd@mp=\dimen183
\Gm@odd@mp=\dimen184
\Gm@even@mp=\dimen185
\Gm@layoutwidth=\dimen186
\Gm@layoutheight=\dimen187
\Gm@layouthoffset=\dimen188
\Gm@layoutvoffset=\dimen189
\Gm@dimlist=\toks18
) (/usr/local/texlive/2026/texmf-dist/tex/latex/titlesec/titlesec.sty
Package: titlesec 2025/01/04 v2.17 Sectioning titles
\ttl@box=\box56
\beforetitleunit=\skip60
\aftertitleunit=\skip61
\ttl@plus=\dimen190
\ttl@minus=\dimen191
\ttl@toksa=\toks19
\titlewidth=\dimen192
\titlewidthlast=\dimen193
\titlewidthfirst=\dimen194
) (/usr/local/texlive/2026/texmf-dist/tex/latex/pgf/basiclayer/pgf.sty (/usr/local/texlive/2026/texmf-dist/tex/latex/pgf/utilities/pgfrcs.sty (/usr/local/texlive/2026/texmf-dist/tex/generic/pgf/utilities/pgfutil-common.tex
\pgfutil@everybye=\toks20
\pgfutil@tempdima=\dimen195
\pgfutil@tempdimb=\dimen196
) (/usr/local/texlive/2026/texmf-dist/tex/generic/pgf/utilities/pgfutil-latex.def
\pgfutil@abb=\box57
) (/usr/local/texlive/2026/texmf-dist/tex/generic/pgf/utilities/pgfrcs.code.tex (/usr/local/texlive/2026/texmf-dist/tex/generic/pgf/pgf.revision.tex)
Package: pgfrcs 2025-08-29 v3.1.11a (3.1.11a)
))
Package: pgf 2025-08-29 v3.1.11a (3.1.11a)
 (/usr/local/texlive/2026/texmf-dist/tex/latex/pgf/basiclayer/pgfcore.sty (/usr/local/texlive/2026/texmf-dist/tex/latex/graphics/graphicx.sty
Package: graphicx 2024/12/31 v1.2e Enhanced LaTeX Graphics (DPC,SPQR)
 (/usr/local/texlive/2026/texmf-dist/tex/latex/graphics/graphics.sty
Package: graphics 2024/08/06 v1.4g Standard LaTeX Graphics (DPC,SPQR)
 (/usr/local/texlive/2026/texmf-dist/tex/latex/graphics/trig.sty
Package: trig 2023/12/02 v1.11 sin cos tan (DPC)
) (/usr/local/texlive/2026/texmf-dist/tex/latex/graphics-cfg/graphics.cfg
File: graphics.cfg 2016/06/04 v1.11 sample graphics configuration
)
Package graphics Info: Driver file: xetex.def on input line 106.
 (/usr/local/texlive/2026/texmf-dist/tex/latex/graphics-def/xetex.def
File: xetex.def 2025/11/01 v5.0p Graphics/color driver for xetex
))
\Gin@req@height=\dimen197
\Gin@req@width=\dimen198
) (/usr/local/texlive/2026/texmf-dist/tex/latex/pgf/systemlayer/pgfsys.sty (/usr/local/texlive/2026/texmf-dist/tex/generic/pgf/systemlayer/pgfsys.code.tex
Package: pgfsys 2025-08-29 v3.1.11a (3.1.11a)
 (/usr/local/texlive/2026/texmf-dist/tex/generic/pgf/utilities/pgfkeys.code.tex
\pgfkeys@pathtoks=\toks21
\pgfkeys@temptoks=\toks22
 (/usr/local/texlive/2026/texmf-dist/tex/generic/pgf/utilities/pgfkeyslibraryfiltered.code.tex
\pgfkeys@tmptoks=\toks23
))
\pgf@x=\dimen199
\pgf@y=\dimen256
\pgf@xa=\dimen257
\pgf@ya=\dimen258
\pgf@xb=\dimen259
\pgf@yb=\dimen260
\pgf@xc=\dimen261
\pgf@yc=\dimen262
\pgf@xd=\dimen263
\pgf@yd=\dimen264
\w@pgf@writea=\write3
\r@pgf@reada=\read2
\c@pgf@counta=\count314
\c@pgf@countb=\count315
\c@pgf@countc=\count316
\c@pgf@countd=\count317
\t@pgf@toka=\toks24
\t@pgf@tokb=\toks25
\t@pgf@tokc=\toks26
\pgf@sys@id@count=\count318
 (/usr/local/texlive/2026/texmf-dist/tex/generic/pgf/systemlayer/pgf.cfg
File: pgf.cfg 2025-08-29 v3.1.11a (3.1.11a)
)
Driver file for pgf: pgfsys-xetex.def
 (/usr/local/texlive/2026/texmf-dist/tex/generic/pgf/systemlayer/pgfsys-xetex.def
File: pgfsys-xetex.def 2025-08-29 v3.1.11a (3.1.11a)
 (/usr/local/texlive/2026/texmf-dist/tex/generic/pgf/systemlayer/pgfsys-dvipdfmx.def
File: pgfsys-dvipdfmx.def 2025-08-29 v3.1.11a (3.1.11a)
 (/usr/local/texlive/2026/texmf-dist/tex/generic/pgf/systemlayer/pgfsys-common-pdf.def
File: pgfsys-common-pdf.def 2025-08-29 v3.1.11a (3.1.11a)
)
\pgfsys@objnum=\count319
))) (/usr/local/texlive/2026/texmf-dist/tex/generic/pgf/systemlayer/pgfsyssoftpath.code.tex
File: pgfsyssoftpath.code.tex 2025-08-29 v3.1.11a (3.1.11a)
\pgfsyssoftpath@smallbuffer@items=\count320
\pgfsyssoftpath@bigbuffer@items=\count321
) (/usr/local/texlive/2026/texmf-dist/tex/generic/pgf/systemlayer/pgfsysprotocol.code.tex
File: pgfsysprotocol.code.tex 2025-08-29 v3.1.11a (3.1.11a)
)) (/usr/local/texlive/2026/texmf-dist/tex/latex/xcolor/xcolor.sty
Package: xcolor 2024/09/29 v3.02 LaTeX color extensions (UK)
 (/usr/local/texlive/2026/texmf-dist/tex/latex/graphics-cfg/color.cfg
File: color.cfg 2016/01/02 v1.6 sample color configuration
)
Package xcolor Info: Driver file: xetex.def on input line 274.
 (/usr/local/texlive/2026/texmf-dist/tex/latex/graphics/mathcolor.ltx)
Package xcolor Info: Model `cmy' substituted by `cmy0' on input line 1349.
Package xcolor Info: Model `RGB' extended on input line 1365.
Package xcolor Info: Model `HTML' substituted by `rgb' on input line 1367.
Package xcolor Info: Model `Hsb' substituted by `hsb' on input line 1368.
Package xcolor Info: Model `tHsb' substituted by `hsb' on input line 1369.
Package xcolor Info: Model `HSB' substituted by `hsb' on input line 1370.
Package xcolor Info: Model `Gray' substituted by `gray' on input line 1371.
Package xcolor Info: Model `wave' substituted by `hsb' on input line 1372.
) (/usr/local/texlive/2026/texmf-dist/tex/generic/pgf/basiclayer/pgfcore.code.tex
Package: pgfcore 2025-08-29 v3.1.11a (3.1.11a)
 (/usr/local/texlive/2026/texmf-dist/tex/generic/pgf/math/pgfmath.code.tex (/usr/local/texlive/2026/texmf-dist/tex/generic/pgf/math/pgfmathutil.code.tex) (/usr/local/texlive/2026/texmf-dist/tex/generic/pgf/math/pgfmathparser.code.tex
\pgfmath@dimen=\dimen265
\pgfmath@count=\count322
\pgfmath@box=\box58
\pgfmath@toks=\toks27
\pgfmath@stack@operand=\toks28
\pgfmath@stack@operation=\toks29
) (/usr/local/texlive/2026/texmf-dist/tex/generic/pgf/math/pgfmathfunctions.code.tex) (/usr/local/texlive/2026/texmf-dist/tex/generic/pgf/math/pgfmathfunctions.basic.code.tex) (/usr/local/texlive/2026/texmf-dist/tex/generic/pgf/math/pgfmathfunctions.trigonometric.code.tex) (/usr/local/texlive/2026/texmf-dist/tex/generic/pgf/math/pgfmathfunctions.random.code.tex) (/usr/local/texlive/2026/texmf-dist/tex/generic/pgf/math/pgfmathfunctions.comparison.code.tex) (/usr/local/texlive/2026/texmf-dist/tex/generic/pgf/math/pgfmathfunctions.base.code.tex) (/usr/local/texlive/2026/texmf-dist/tex/generic/pgf/math/pgfmathfunctions.round.code.tex) (/usr/local/texlive/2026/texmf-dist/tex/generic/pgf/math/pgfmathfunctions.misc.code.tex) (/usr/local/texlive/2026/texmf-dist/tex/generic/pgf/math/pgfmathfunctions.integerarithmetics.code.tex) (/usr/local/texlive/2026/texmf-dist/tex/generic/pgf/math/pgfmathcalc.code.tex) (/usr/local/texlive/2026/texmf-dist/tex/generic/pgf/math/pgfmathfloat.code.tex
\c@pgfmathroundto@lastzeros=\count323
)) (/usr/local/texlive/2026/texmf-dist/tex/generic/pgf/math/pgfint.code.tex) (/usr/local/texlive/2026/texmf-dist/tex/generic/pgf/basiclayer/pgfcorepoints.code.tex
File: pgfcorepoints.code.tex 2025-08-29 v3.1.11a (3.1.11a)
\pgf@picminx=\dimen266
\pgf@picmaxx=\dimen267
\pgf@picminy=\dimen268
\pgf@picmaxy=\dimen269
\pgf@pathminx=\dimen270
\pgf@pathmaxx=\dimen271
\pgf@pathminy=\dimen272
\pgf@pathmaxy=\dimen273
\pgf@xx=\dimen274
\pgf@xy=\dimen275
\pgf@yx=\dimen276
\pgf@yy=\dimen277
\pgf@zx=\dimen278
\pgf@zy=\dimen279
) (/usr/local/texlive/2026/texmf-dist/tex/generic/pgf/basiclayer/pgfcorepathconstruct.code.tex
File: pgfcorepathconstruct.code.tex 2025-08-29 v3.1.11a (3.1.11a)
\pgf@path@lastx=\dimen280
\pgf@path@lasty=\dimen281
) (/usr/local/texlive/2026/texmf-dist/tex/generic/pgf/basiclayer/pgfcorepathusage.code.tex
File: pgfcorepathusage.code.tex 2025-08-29 v3.1.11a (3.1.11a)
\pgf@shorten@end@additional=\dimen282
\pgf@shorten@start@additional=\dimen283
) (/usr/local/texlive/2026/texmf-dist/tex/generic/pgf/basiclayer/pgfcorescopes.code.tex
File: pgfcorescopes.code.tex 2025-08-29 v3.1.11a (3.1.11a)
\pgfpic=\box59
\pgf@hbox=\box60
\pgf@layerbox@main=\box61
\pgf@picture@serial@count=\count324
) (/usr/local/texlive/2026/texmf-dist/tex/generic/pgf/basiclayer/pgfcoregraphicstate.code.tex
File: pgfcoregraphicstate.code.tex 2025-08-29 v3.1.11a (3.1.11a)
\pgflinewidth=\dimen284
) (/usr/local/texlive/2026/texmf-dist/tex/generic/pgf/basiclayer/pgfcoretransformations.code.tex
File: pgfcoretransformations.code.tex 2025-08-29 v3.1.11a (3.1.11a)
\pgf@pt@x=\dimen285
\pgf@pt@y=\dimen286
\pgf@pt@temp=\dimen287
) (/usr/local/texlive/2026/texmf-dist/tex/generic/pgf/basiclayer/pgfcorequick.code.tex
File: pgfcorequick.code.tex 2025-08-29 v3.1.11a (3.1.11a)
) (/usr/local/texlive/2026/texmf-dist/tex/generic/pgf/basiclayer/pgfcoreobjects.code.tex
File: pgfcoreobjects.code.tex 2025-08-29 v3.1.11a (3.1.11a)
) (/usr/local/texlive/2026/texmf-dist/tex/generic/pgf/basiclayer/pgfcorepathprocessing.code.tex
File: pgfcorepathprocessing.code.tex 2025-08-29 v3.1.11a (3.1.11a)
) (/usr/local/texlive/2026/texmf-dist/tex/generic/pgf/basiclayer/pgfcorearrows.code.tex
File: pgfcorearrows.code.tex 2025-08-29 v3.1.11a (3.1.11a)
\pgfarrowsep=\dimen288
) (/usr/local/texlive/2026/texmf-dist/tex/generic/pgf/basiclayer/pgfcoreshade.code.tex
File: pgfcoreshade.code.tex 2025-08-29 v3.1.11a (3.1.11a)
\pgf@max=\dimen289
\pgf@sys@shading@range@num=\count325
\pgf@shadingcount=\count326
) (/usr/local/texlive/2026/texmf-dist/tex/generic/pgf/basiclayer/pgfcoreimage.code.tex
File: pgfcoreimage.code.tex 2025-08-29 v3.1.11a (3.1.11a)
) (/usr/local/texlive/2026/texmf-dist/tex/generic/pgf/basiclayer/pgfcoreexternal.code.tex
File: pgfcoreexternal.code.tex 2025-08-29 v3.1.11a (3.1.11a)
\pgfexternal@startupbox=\box62
) (/usr/local/texlive/2026/texmf-dist/tex/generic/pgf/basiclayer/pgfcorelayers.code.tex
File: pgfcorelayers.code.tex 2025-08-29 v3.1.11a (3.1.11a)
) (/usr/local/texlive/2026/texmf-dist/tex/generic/pgf/basiclayer/pgfcoretransparency.code.tex
File: pgfcoretransparency.code.tex 2025-08-29 v3.1.11a (3.1.11a)
) (/usr/local/texlive/2026/texmf-dist/tex/generic/pgf/basiclayer/pgfcorepatterns.code.tex
File: pgfcorepatterns.code.tex 2025-08-29 v3.1.11a (3.1.11a)
) (/usr/local/texlive/2026/texmf-dist/tex/generic/pgf/basiclayer/pgfcorerdf.code.tex
File: pgfcorerdf.code.tex 2025-08-29 v3.1.11a (3.1.11a)
))) (/usr/local/texlive/2026/texmf-dist/tex/generic/pgf/modules/pgfmoduleshapes.code.tex
File: pgfmoduleshapes.code.tex 2025-08-29 v3.1.11a (3.1.11a)
\pgfnodeparttextbox=\box63
) (/usr/local/texlive/2026/texmf-dist/tex/generic/pgf/modules/pgfmoduleplot.code.tex
File: pgfmoduleplot.code.tex 2025-08-29 v3.1.11a (3.1.11a)
) (/usr/local/texlive/2026/texmf-dist/tex/latex/pgf/compatibility/pgfcomp-version-0-65.sty
Package: pgfcomp-version-0-65 2025-08-29 v3.1.11a (3.1.11a)
\pgf@nodesepstart=\dimen290
\pgf@nodesepend=\dimen291
) (/usr/local/texlive/2026/texmf-dist/tex/latex/pgf/compatibility/pgfcomp-version-1-18.sty
Package: pgfcomp-version-1-18 2025-08-29 v3.1.11a (3.1.11a)
)) (/usr/local/texlive/2026/texmf-dist/tex/latex/pgf/frontendlayer/tikz.sty (/usr/local/texlive/2026/texmf-dist/tex/latex/pgf/utilities/pgffor.sty (/usr/local/texlive/2026/texmf-dist/tex/latex/pgf/utilities/pgfkeys.sty (/usr/local/texlive/2026/texmf-dist/tex/generic/pgf/utilities/pgfkeys.code.tex)) (/usr/local/texlive/2026/texmf-dist/tex/latex/pgf/math/pgfmath.sty (/usr/local/texlive/2026/texmf-dist/tex/generic/pgf/math/pgfmath.code.tex)) (/usr/local/texlive/2026/texmf-dist/tex/generic/pgf/utilities/pgffor.code.tex
Package: pgffor 2025-08-29 v3.1.11a (3.1.11a)
\pgffor@iter=\dimen292
\pgffor@skip=\dimen293
\pgffor@stack=\toks30
\pgffor@toks=\toks31
)) (/usr/local/texlive/2026/texmf-dist/tex/generic/pgf/frontendlayer/tikz/tikz.code.tex
Package: tikz 2025-08-29 v3.1.11a (3.1.11a)
 (/usr/local/texlive/2026/texmf-dist/tex/generic/pgf/libraries/pgflibraryplothandlers.code.tex
File: pgflibraryplothandlers.code.tex 2025-08-29 v3.1.11a (3.1.11a)
\pgf@plot@mark@count=\count327
\pgfplotmarksize=\dimen294
)
\tikz@lastx=\dimen295
\tikz@lasty=\dimen296
\tikz@lastxsaved=\dimen297
\tikz@lastysaved=\dimen298
\tikz@lastmovetox=\dimen299
\tikz@lastmovetoy=\dimen300
\tikzleveldistance=\dimen301
\tikzsiblingdistance=\dimen302
\tikz@figbox=\box64
\tikz@figbox@bg=\box65
\tikz@tempbox=\box66
\tikz@tempbox@bg=\box67
\tikztreelevel=\count328
\tikznumberofchildren=\count329
\tikznumberofcurrentchild=\count330
\tikz@fig@count=\count331
 (/usr/local/texlive/2026/texmf-dist/tex/generic/pgf/modules/pgfmodulematrix.code.tex
File: pgfmodulematrix.code.tex 2025-08-29 v3.1.11a (3.1.11a)
\pgfmatrixcurrentrow=\count332
\pgfmatrixcurrentcolumn=\count333
\pgf@matrix@numberofcolumns=\count334
)
\tikz@expandcount=\count335
 (/usr/local/texlive/2026/texmf-dist/tex/generic/pgf/frontendlayer/tikz/libraries/tikzlibrarytopaths.code.tex
File: tikzlibrarytopaths.code.tex 2025-08-29 v3.1.11a (3.1.11a)
))) (/usr/local/texlive/2026/texmf-dist/tex/generic/pgf/frontendlayer/tikz/libraries/tikzlibrarycalc.code.tex
File: tikzlibrarycalc.code.tex 2025-08-29 v3.1.11a (3.1.11a)
) (/usr/local/texlive/2026/texmf-dist/tex/generic/pgf/frontendlayer/tikz/libraries/tikzlibrarydecorations.code.tex (/usr/local/texlive/2026/texmf-dist/tex/generic/pgf/modules/pgfmoduledecorations.code.tex
\pgfdecoratedcompleteddistance=\dimen303
\pgfdecoratedremainingdistance=\dimen304
\pgfdecoratedinputsegmentcompleteddistance=\dimen305
\pgfdecoratedinputsegmentremainingdistance=\dimen306
\pgf@decorate@distancetomove=\dimen307
\pgf@decorate@repeatstate=\count336
\pgfdecorationsegmentamplitude=\dimen308
\pgfdecorationsegmentlength=\dimen309
)
\tikz@lib@dec@box=\box68
) (/usr/local/texlive/2026/texmf-dist/tex/generic/pgf/frontendlayer/tikz/libraries/tikzlibrarydecorations.markings.code.tex (/usr/local/texlive/2026/texmf-dist/tex/generic/pgf/libraries/decorations/pgflibrarydecorations.markings.code.tex)) (/usr/local/texlive/2026/texmf-dist/tex/generic/pgf/frontendlayer/tikz/libraries/tikzlibrarydecorations.pathmorphing.code.tex (/usr/local/texlive/2026/texmf-dist/tex/generic/pgf/libraries/decorations/pgflibrarydecorations.pathmorphing.code.tex)) (/usr/local/texlive/2026/texmf-dist/tex/generic/pgf/frontendlayer/tikz/libraries/tikzlibrarydecorations.pathreplacing.code.tex (/usr/local/texlive/2026/texmf-dist/tex/generic/pgf/libraries/decorations/pgflibrarydecorations.pathreplacing.code.tex)) (/usr/local/texlive/2026/texmf-dist/tex/generic/pgf/frontendlayer/tikz/libraries/tikzlibrarydecorations.shapes.code.tex (/usr/local/texlive/2026/texmf-dist/tex/generic/pgf/libraries/decorations/pgflibrarydecorations.shapes.code.tex)) (/usr/local/texlive/2026/texmf-dist/tex/generic/pgf/frontendlayer/tikz/libraries/tikzlibrarydecorations.text.code.tex (/usr/local/texlive/2026/texmf-dist/tex/generic/pgf/libraries/decorations/pgflibrarydecorations.text.code.tex
\pgf@lib@dec@text@box=\box69
)
\tikz@lib@dec@te@box=\box70
) (/usr/local/texlive/2026/texmf-dist/tex/generic/pgf/frontendlayer/tikz/libraries/tikzlibraryarrows.code.tex
File: tikzlibraryarrows.code.tex 2025-08-29 v3.1.11a (3.1.11a)
 (/usr/local/texlive/2026/texmf-dist/tex/generic/pgf/libraries/pgflibraryarrows.code.tex
File: pgflibraryarrows.code.tex 2025-08-29 v3.1.11a (3.1.11a)
\arrowsize=\dimen310
)) (/usr/local/texlive/2026/texmf-dist/tex/generic/pgf/libraries/pgflibraryarrows.meta.code.tex
File: pgflibraryarrows.meta.code.tex 2025-08-29 v3.1.11a (3.1.11a)
\pgfarrowinset=\dimen311
\pgfarrowlength=\dimen312
\pgfarrowwidth=\dimen313
\pgfarrowlinewidth=\dimen314
) (/usr/local/texlive/2026/texmf-dist/tex/generic/pgf/frontendlayer/tikz/libraries/tikzlibraryangles.code.tex
File: tikzlibraryangles.code.tex 2025-08-29 v3.1.11a (3.1.11a)
) (/usr/local/texlive/2026/texmf-dist/tex/generic/pgf/frontendlayer/tikz/libraries/tikzlibrarybackgrounds.code.tex
File: tikzlibrarybackgrounds.code.tex 2025-08-29 v3.1.11a (3.1.11a)
\pgf@layerbox@background=\box71
\pgf@layerboxsaved@background=\box72
) (/usr/local/texlive/2026/texmf-dist/tex/latex/pgf/frontendlayer/libraries/tikzlibraryexternal.code.tex (/usr/local/texlive/2026/texmf-dist/tex/generic/pdftexcmds/pdftexcmds.sty
Package: pdftexcmds 2020-06-27 v0.33 Utility functions of pdfTeX for LuaTeX (HO)
 (/usr/local/texlive/2026/texmf-dist/tex/generic/infwarerr/infwarerr.sty
Package: infwarerr 2019/12/03 v1.5 Providing info/warning/error messages (HO)
) (/usr/local/texlive/2026/texmf-dist/tex/generic/ltxcmds/ltxcmds.sty
Package: ltxcmds 2023-12-04 v1.26 LaTeX kernel commands for general use (HO)
)
Package pdftexcmds Info: \pdf@primitive is available.
Package pdftexcmds Info: \pdf@ifprimitive is available.
Package pdftexcmds Info: \pdfdraftmode not found.
) (/usr/local/texlive/2026/texmf-dist/tex/latex/base/atveryend-ltx.sty
Package: atveryend-ltx 2020/08/19 v1.0a Emulation of the original atveryend package
with kernel methods
) (/usr/local/texlive/2026/texmf-dist/tex/generic/pgf/frontendlayer/tikz/libraries/tikzexternalshared.code.tex)) (/usr/local/texlive/2026/texmf-dist/tex/generic/pgf/frontendlayer/tikz/libraries/tikzlibraryfolding.code.tex
File: tikzlibraryfolding.code.tex 2025-08-29 v3.1.11a (3.1.11a)
\tikz@lib@fold@length=\dimen315
) (/usr/local/texlive/2026/texmf-dist/tex/generic/pgf/frontendlayer/tikz/libraries/graphs/tikzlibrarygraphs.code.tex
File: tikzlibrarygraphs.code.tex 2025-08-29 v3.1.11a (3.1.11a)
\tikz@lib@auto@number=\count337
\tikz@qnode@count=\count338
) (/usr/local/texlive/2026/texmf-dist/tex/generic/pgf/frontendlayer/tikz/libraries/tikzlibraryintersections.code.tex (/usr/local/texlive/2026/texmf-dist/tex/generic/pgf/libraries/pgflibraryintersections.code.tex (/usr/local/texlive/2026/texmf-dist/tex/generic/pgf/libraries/pgflibraryfpu.code.tex)
\pgf@intersect@solutions=\count339
)) (/usr/local/texlive/2026/texmf-dist/tex/generic/pgf/frontendlayer/tikz/libraries/tikzlibrarymath.code.tex (/usr/local/texlive/2026/texmf-dist/tex/generic/pgf/frontendlayer/tikz/libraries/tikzlibraryfpu.code.tex)
\tikz@math@for@depth=\count340
\tikz@math@dimen=\dimen316
\tikz@math@toks=\toks32
) (/usr/local/texlive/2026/texmf-dist/tex/generic/pgf/frontendlayer/tikz/libraries/tikzlibrarymatrix.code.tex
File: tikzlibrarymatrix.code.tex 2025-08-29 v3.1.11a (3.1.11a)
) (/usr/local/texlive/2026/texmf-dist/tex/generic/pgf/frontendlayer/tikz/libraries/tikzlibrarypositioning.code.tex
File: tikzlibrarypositioning.code.tex 2025-08-29 v3.1.11a (3.1.11a)
) (/usr/local/texlive/2026/texmf-dist/tex/generic/pgf/frontendlayer/tikz/libraries/tikzlibraryquotes.code.tex
File: tikzlibraryquotes.code.tex 2025-08-29 v3.1.11a (3.1.11a)
)
(/usr/local/texlive/2026/texmf-dist/tex/generic/pgf/frontendlayer/tikz/libraries/tikzlibraryshapes.code.tex
File: tikzlibraryshapes.code.tex 2025-08-29 v3.1.11a (3.1.11a)
 (/usr/local/texlive/2026/texmf-dist/tex/generic/pgf/frontendlayer/tikz/libraries/tikzlibraryshapes.geometric.code.tex
File: tikzlibraryshapes.geometric.code.tex 2025-08-29 v3.1.11a (3.1.11a)
 (/usr/local/texlive/2026/texmf-dist/tex/generic/pgf/libraries/shapes/pgflibraryshapes.geometric.code.tex
File: pgflibraryshapes.geometric.code.tex 2025-08-29 v3.1.11a (3.1.11a)
)) (/usr/local/texlive/2026/texmf-dist/tex/generic/pgf/frontendlayer/tikz/libraries/tikzlibraryshapes.misc.code.tex
File: tikzlibraryshapes.misc.code.tex 2025-08-29 v3.1.11a (3.1.11a)
 (/usr/local/texlive/2026/texmf-dist/tex/generic/pgf/libraries/shapes/pgflibraryshapes.misc.code.tex
File: pgflibraryshapes.misc.code.tex 2025-08-29 v3.1.11a (3.1.11a)
)) (/usr/local/texlive/2026/texmf-dist/tex/generic/pgf/frontendlayer/tikz/libraries/tikzlibraryshapes.symbols.code.tex
File: tikzlibraryshapes.symbols.code.tex 2025-08-29 v3.1.11a (3.1.11a)
 (/usr/local/texlive/2026/texmf-dist/tex/generic/pgf/libraries/shapes/pgflibraryshapes.symbols.code.tex
File: pgflibraryshapes.symbols.code.tex 2025-08-29 v3.1.11a (3.1.11a)
)) (/usr/local/texlive/2026/texmf-dist/tex/generic/pgf/frontendlayer/tikz/libraries/tikzlibraryshapes.arrows.code.tex
File: tikzlibraryshapes.arrows.code.tex 2025-08-29 v3.1.11a (3.1.11a)
 (/usr/local/texlive/2026/texmf-dist/tex/generic/pgf/libraries/shapes/pgflibraryshapes.arrows.code.tex
File: pgflibraryshapes.arrows.code.tex 2025-08-29 v3.1.11a (3.1.11a)
)) (/usr/local/texlive/2026/texmf-dist/tex/generic/pgf/frontendlayer/tikz/libraries/tikzlibraryshapes.callouts.code.tex (/usr/local/texlive/2026/texmf-dist/tex/generic/pgf/libraries/shapes/pgflibraryshapes.callouts.code.tex)) (/usr/local/texlive/2026/texmf-dist/tex/generic/pgf/frontendlayer/tikz/libraries/tikzlibraryshapes.multipart.code.tex
File: tikzlibraryshapes.multipart.code.tex 2025-08-29 v3.1.11a (3.1.11a)
 (/usr/local/texlive/2026/texmf-dist/tex/generic/pgf/libraries/shapes/pgflibraryshapes.multipart.code.tex
File: pgflibraryshapes.multipart.code.tex 2025-08-29 v3.1.11a (3.1.11a)
\pgfnodepartlowerbox=\box73
\pgfnodeparttwobox=\box74
\pgfnodepartthreebox=\box75
\pgfnodepartfourbox=\box76
\pgfnodeparttwentybox=\box77
\pgfnodepartnineteenbox=\box78
\pgfnodeparteighteenbox=\box79
\pgfnodepartseventeenbox=\box80
\pgfnodepartsixteenbox=\box81
\pgfnodepartfifteenbox=\box82
\pgfnodepartfourteenbox=\box83
\pgfnodepartthirteenbox=\box84
\pgfnodeparttwelvebox=\box85
\pgfnodepartelevenbox=\box86
\pgfnodeparttenbox=\box87
\pgfnodepartninebox=\box88
\pgfnodeparteightbox=\box89
\pgfnodepartsevenbox=\box90
\pgfnodepartsixbox=\box91
\pgfnodepartfivebox=\box92
))) (/usr/local/texlive/2026/texmf-dist/tex/generic/pgf/frontendlayer/tikz/libraries/tikzlibrarytrees.code.tex
File: tikzlibrarytrees.code.tex 2025-08-29 v3.1.11a (3.1.11a)
) (/usr/local/texlive/2026/texmf-dist/tex/generic/pgf/frontendlayer/tikz/libraries/tikzlibraryfit.code.tex
File: tikzlibraryfit.code.tex 2025-08-29 v3.1.11a (3.1.11a)
) (/usr/local/texlive/2026/texmf-dist/tex/latex/tikzsymbols/tikzsymbols.sty
Package: tikzsymbols 2021/12/14 v4.12a Some symbols created using tikz and LaTeX3.
 (/usr/local/texlive/2026/texmf-dist/tex/latex/tools/xspace.sty
Package: xspace 2014/10/28 v1.13 Space after command names (DPC,MH)
) (/usr/local/texlive/2026/texmf-dist/tex/latex/l3packages/l3keys2e/l3keys2e.sty
Package: l3keys2e 2025-10-09 LaTeX2e option processing using LaTeX3 keys
)
\l__tikzsymbols_Moai_thickness_dim=\dimen317
\l__tikzsymbols_Kochtopf_nr_arguments_int=\count341
\l__tikzsymbols_Bratpfanne_nr_arguments_int=\count342
\l__tikzsymbols_Schneebesen_nr_arguments_int=\count343
\l__tikzsymbols_Sieb_nr_arguments_int=\count344
\l__tikzsymbols_Purierstab_nr_arguments_int=\count345
\l__tikzsymbols_Dreizack_nr_arguments_int=\count346
\l__tikzsymbols_Backblech_nr_arguments_int=\count347
\l__tikzsymbols_Ofen_nr_arguments_int=\count348
\l__tikzsymbols_Pfanne_nr_arguments_int=\count349
\l__tikzsymbols_Herd_nr_arguments_int=\count350
\l__tikzsymbols_Saftpresse_nr_arguments_int=\count351
\l__tikzsymbols_Schussel_nr_arguments_int=\count352
\l__tikzsymbols_Schaler_nr_arguments_int=\count353
\l__tikzsymbols_Reibe_nr_arguments_int=\count354
\l__tikzsymbols_Flasche_nr_arguments_int=\count355
\l__tikzsymbols_Nudelholz_nr_arguments_int=\count356
\l__tikzsymbols_Knoblauchpresse_nr_arguments_int=\count357
\l__tikzsymbols_Sadey_nr_arguments_int=\count358
\l__tikzsymbols_dSadey_nr_arguments_int=\count359
\l__tikzsymbols_Changey_nr_arguments_int=\count360
\l__tikzsymbols_dChangey_nr_arguments_int=\count361
\l__tikzsymbols_cChangey_nr_arguments_int=\count362
\l__tikzsymbols_dcChangey_nr_arguments_int=\count363
\l__tikzsymbols_Annoey_nr_arguments_int=\count364
\l__tikzsymbols_dAnnoey_nr_arguments_int=\count365
\l__tikzsymbols_Smiley_nr_arguments_int=\count366
\l__tikzsymbols_dSmiley_nr_arguments_int=\count367
\l__tikzsymbols_Laughey_nr_arguments_int=\count368
\l__tikzsymbols_dLaughey_nr_arguments_int=\count369
\l__tikzsymbols_Neutrey_nr_arguments_int=\count370
\l__tikzsymbols_dNeutrey_nr_arguments_int=\count371
\l__tikzsymbols_Winkey_nr_arguments_int=\count372
\l__tikzsymbols_oldWinkey_nr_arguments_int=\count373
\l__tikzsymbols_dWinkey_nr_arguments_int=\count374
\l__tikzsymbols_olddWinkey_nr_arguments_int=\count375
\l__tikzsymbols_Sey_nr_arguments_int=\count376
\l__tikzsymbols_dSey_nr_arguments_int=\count377
\l__tikzsymbols_Xey_nr_arguments_int=\count378
\l__tikzsymbols_dXey_nr_arguments_int=\count379
\l__tikzsymbols_Innocey_nr_arguments_int=\count380
\l__tikzsymbols_wInnocey_nr_arguments_int=\count381
\l__tikzsymbols_dInnocey_nr_arguments_int=\count382
\l__tikzsymbols_Cooley_nr_arguments_int=\count383
\l__tikzsymbols_dCooley_nr_arguments_int=\count384
\l__tikzsymbols_Tongey_nr_arguments_int=\count385
\l__tikzsymbols_dTongey_nr_arguments_int=\count386
\l__tikzsymbols_Nursey_nr_arguments_int=\count387
\l__tikzsymbols_dNursey_nr_arguments_int=\count388
\l__tikzsymbols_Vomey_nr_arguments_int=\count389
\l__tikzsymbols_dVomey_nr_arguments_int=\count390
\l__tikzsymbols_Walley_nr_arguments_int=\count391
\l__tikzsymbols_rWalley_nr_arguments_int=\count392
\l__tikzsymbols_dWalley_nr_arguments_int=\count393
\l__tikzsymbols_drWalley_nr_arguments_int=\count394
\l__tikzsymbols_Cat_nr_arguments_int=\count395
\l__tikzsymbols_SchrodingersCat_nr_arguments_int=\count396
\l__tikzsymbols_Ninja_nr_arguments_int=\count397
\l__tikzsymbols_dNinja_nr_arguments_int=\count398
\l__tikzsymbols_Sleepey_nr_arguments_int=\count399
\l__tikzsymbols_dSleepey_nr_arguments_int=\count400
\l__tikzsymbols_Maskey_nr_arguments_int=\count401
\l__tikzsymbols_NiceReapey_nr_arguments_int=\count402
\l__tikzsymbols_Strichmaxerl_nr_arguments_int=\count403
\l__tikzsymbols_Person_nr_arguments_int=\count404
\l__tikzsymbols_Heart_nr_arguments_int=\count405
\l__tikzsymbols_dHeart_nr_arguments_int=\count406
\l__tikzsymbols_HeartBroken_nr_arguments_int=\count407
\l__tikzsymbols_Candle_nr_arguments_int=\count408
\l__tikzsymbols_Fire_nr_arguments_int=\count409
\l__tikzsymbols_Coffeecup_nr_arguments_int=\count410
\l__tikzsymbols_Chair_nr_arguments_int=\count411
\l__tikzsymbols_Bed_nr_arguments_int=\count412
\l__tikzsymbols_Tribar_nr_arguments_int=\count413
\l__tikzsymbols_Moai_nr_arguments_int=\count414
\l__tikzsymbols_Snowman_nr_arguments_int=\count415
\l__tikzsymbols_BasicTree_nr_arguments_int=\count416
\l__tikzsymbols_WorstTree_nr_arguments_int=\count417
\l__tikzsymbols_Springtree_nr_arguments_int=\count418
\l__tikzsymbols_Summertree_nr_arguments_int=\count419
\l__tikzsymbols_Autumntree_nr_arguments_int=\count420
\l__tikzsymbols_Wintertree_nr_arguments_int=\count421
) (/usr/local/texlive/2026/texmf-dist/tex/latex/tkz-base/tkz-base.sty
2024/01/16 4.21c tkz-base.sty
Package: tkz-base 2024/01/16 4.21c tkz-base
(/usr/local/texlive/2026/texmf-dist/tex/generic/pgf/frontendlayer/tikz/libraries/tikzlibrarypatterns.code.tex
File: tikzlibrarypatterns.code.tex 2025-08-29 v3.1.11a (3.1.11a)
 (/usr/local/texlive/2026/texmf-dist/tex/generic/pgf/libraries/pgflibrarypatterns.code.tex
File: pgflibrarypatterns.code.tex 2025-08-29 v3.1.11a (3.1.11a)
)) (/usr/local/texlive/2026/texmf-dist/tex/generic/pgf/frontendlayer/tikz/libraries/tikzlibraryplotmarks.code.tex
File: tikzlibraryplotmarks.code.tex 2025-08-29 v3.1.11a (3.1.11a)
 (/usr/local/texlive/2026/texmf-dist/tex/generic/pgf/libraries/pgflibraryplotmarks.code.tex
File: pgflibraryplotmarks.code.tex 2025-08-29 v3.1.11a (3.1.11a)
)) (/usr/local/texlive/2026/texmf-dist/tex/generic/pgf/frontendlayer/tikz/libraries/tikzlibraryshadows.code.tex
File: tikzlibraryshadows.code.tex 2025-08-29 v3.1.11a (3.1.11a)
 (/usr/local/texlive/2026/texmf-dist/tex/generic/pgf/frontendlayer/tikz/libraries/tikzlibraryfadings.code.tex
File: tikzlibraryfadings.code.tex 2025-08-29 v3.1.11a (3.1.11a)
 (/usr/local/texlive/2026/texmf-dist/tex/generic/pgf/libraries/pgflibraryfadings.code.tex
File: pgflibraryfadings.code.tex 2025-08-29 v3.1.11a (3.1.11a)
))) (/usr/local/texlive/2026/texmf-dist/tex/generic/pgf/frontendlayer/tikz/libraries/tikzlibrarythrough.code.tex
File: tikzlibrarythrough.code.tex 2025-08-29 v3.1.11a (3.1.11a)
) (/usr/local/texlive/2026/texmf-dist/tex/latex/numprint/numprint.sty
Package: numprint 2012/08/20 v1.39 Print numbers (HH)
 (/usr/local/texlive/2026/texmf-dist/tex/latex/tools/array.sty
Package: array 2025/09/25 v2.6n Tabular extension package (FMi)
\col@sep=\dimen318
\ar@mcellbox=\box93
\extrarowheight=\dimen319
\NC@list=\toks33
\extratabsurround=\skip62
\backup@length=\skip63
\ar@cellbox=\box94
)
\c@nprt@mantissa@digitsbefore=\count422
\c@nprt@mantissa@digitsafter=\count423
\c@nprt@exponent@digitsbefore=\count424
\c@nprt@exponent@digitsafter=\count425
\nprt@digitwidth=\skip64
\nprt@sepwidth=\skip65
\nprt@decimalwidth=\skip66
\nprt@blockwidth=\skip67
\nprt@digittoks=\toks34
\nprt@pretoks=\toks35
\nprt@posttoks=\toks36
\nprt@thisdigit=\count426
\nprt@curpos=\count427
\nprt@rndpos=\count428
\c@nprt@digitsfirstblock=\count429
\c@nprt@blockcnt=\count430
\c@nprt@cntprint=\count431
 No configuration file `numprint.cfg' found.) (/usr/local/texlive/2026/texmf-dist/tex/latex/l3packages/xfp/xfp.sty
Package: xfp 2025-10-09 L3 Floating point unit
) (/usr/local/texlive/2026/texmf-dist/tex/latex/fp/fp.sty
Package: fp 1995/04/02
 `Fixed Point Package', Version 0.8, April 2, 1995 (C) Michael Mehlich (/usr/local/texlive/2026/texmf-dist/tex/latex/fp/defpattern.sty
Package: defpattern 1994/10/12
\actioncount=\count432
) (/usr/local/texlive/2026/texmf-dist/tex/latex/fp/fp-basic.sty
Package: fp-basic 1996/05/13
\FP@xs=\count433
\FP@xia=\count434
\FP@xib=\count435
\FP@xfa=\count436
\FP@xfb=\count437
\FP@rega=\count438
\FP@regb=\count439
\FP@regs=\count440
\FP@times=\count441
) (/usr/local/texlive/2026/texmf-dist/tex/latex/fp/fp-addons.sty
Package: fp-addons 1995/03/15
) (/usr/local/texlive/2026/texmf-dist/tex/latex/fp/fp-snap.sty
Package: fp-snap 1995/04/05
) (/usr/local/texlive/2026/texmf-dist/tex/latex/fp/fp-exp.sty
Package: fp-exp 1995/04/03
) (/usr/local/texlive/2026/texmf-dist/tex/latex/fp/fp-trigo.sty
Package: fp-trigo 1995/04/14
) (/usr/local/texlive/2026/texmf-dist/tex/latex/fp/fp-pas.sty
Package: fp-pas 1994/08/29
) (/usr/local/texlive/2026/texmf-dist/tex/latex/fp/fp-random.sty
Package: fp-random 1995/02/23
\FPseed=\count442
) (/usr/local/texlive/2026/texmf-dist/tex/latex/fp/fp-eqn.sty
Package: fp-eqn 1995/04/03
) (/usr/local/texlive/2026/texmf-dist/tex/latex/fp/fp-upn.sty
Package: fp-upn 1996/10/21
) (/usr/local/texlive/2026/texmf-dist/tex/latex/fp/fp-eval.sty
Package: fp-eval 1995/04/03
))
\tkz@ax=\dimen320
\tkz@ay=\dimen321
\tkz@bx=\dimen322
\tkz@by=\dimen323
\tkz@cx=\dimen324
\tkz@cy=\dimen325
\tkz@dx=\dimen326
\tkz@dy=\dimen327
\tkz@tax=\dimen328
\tkz@tay=\dimen329
\tkz@tbx=\dimen330
\tkz@tby=\dimen331
\tkz@tcx=\dimen332
\tkz@tcy=\dimen333
\tkz@tdx=\dimen334
\tkz@tdy=\dimen335
\tkz@cntmk=\count443

Local configuration file tkz-base.cfg found and used
(/usr/local/texlive/2026/texmf-dist/tex/latex/tkz-base/tkz-base.cfg
2024/01/16 4.21c tkz-base.cfg
) (/usr/local/texlive/2026/texmf-dist/tex/latex/tkz-base/tkz-tools-modules.tex
2024/01/16 4.21c tkz-tools-modules.tex
) (/usr/local/texlive/2026/texmf-dist/tex/latex/tkz-base/tkz-lib-marks.tex
2024/01/16 4.21c tkz-lib-marks.tex
) (/usr/local/texlive/2026/texmf-dist/tex/latex/tkz-base/tkz-lib-shape.tex
2024/01/16 4.21c tkz-lib-shape.tex
) (/usr/local/texlive/2026/texmf-dist/tex/latex/tkz-base/tkz-tools-base.tex
2024/01/16 4.21c tkz-tools-base.tex
) (/usr/local/texlive/2026/texmf-dist/tex/latex/tkz-base/tkz-tools-utilities.tex
2024/01/16 4.21c tkz-tools-utilities.tex
) (/usr/local/texlive/2026/texmf-dist/tex/latex/tkz-base/tkz-tools-colors.tex
2024/01/16 4.21c tkz-tools-colors
) (/usr/local/texlive/2026/texmf-dist/tex/latex/tkz-base/tkz-tools-text.tex
2024/01/16 4.21c tkz-tools-text.tex
) (/usr/local/texlive/2026/texmf-dist/tex/latex/tkz-base/tkz-tools-BB.tex
2024/01/16 4.21c tkz-obj-BB.tex
) (/usr/local/texlive/2026/texmf-dist/tex/latex/tkz-base/tkz-tools-arith.tex
2024/01/16 4.21c tkz-tools-arith.tex
File: tkz-tool-arith.tex tkz-tool-arith 3.02 c
) (/usr/local/texlive/2026/texmf-dist/tex/latex/tkz-base/tkz-tools-print.tex
2024/01/16 4.21c tkz-tools-print
) (/usr/local/texlive/2026/texmf-dist/tex/latex/tkz-base/tkz-tools-misc.tex
2024/01/16 4.21c tkz-tools-misc.tex
) (/usr/local/texlive/2026/texmf-dist/tex/latex/tkz-base/tkz-obj-axes.tex
2024/01/16 4.21c tkz-obj-axes
) (/usr/local/texlive/2026/texmf-dist/tex/latex/tkz-base/tkz-obj-grids.tex
2024/01/16 4.21c tkz-obj-grids.tex
) (/usr/local/texlive/2026/texmf-dist/tex/latex/tkz-base/tkz-obj-marks.tex
2024/01/16 4.21c tkz-obj-marks.tex
) (/usr/local/texlive/2026/texmf-dist/tex/latex/tkz-base/tkz-obj-points.tex
2024/01/16 4.21c tkz-obj-points.tex
) (/usr/local/texlive/2026/texmf-dist/tex/latex/tkz-base/tkz-obj-rep.tex
2024/01/16 4.21c tkz-obj-rep.tex
)) (/usr/local/texlive/2026/texmf-dist/tex/latex/tabularray/tabularray.sty
Package: tabularray 2025-11-27 v2025C Typeset tabulars and arrays with LaTeX3
 (/usr/local/texlive/2026/texmf-dist/tex/latex/ninecolors/ninecolors.sty
Package: ninecolors 2022-02-13 v2022D Select colors with proper color contrast
)
\g__tblr_nohyper_int=\count444
\l__tblr_a_int=\count445
\l__tblr_c_int=\count446
\l__tblr_r_int=\count447
\l__tblr_d_dim=\dimen336
\l__tblr_h_dim=\dimen337
\l__tblr_o_dim=\dimen338
\l__tblr_p_dim=\dimen339
\l__tblr_q_dim=\dimen340
\l__tblr_r_dim=\dimen341
\l__tblr_s_dim=\dimen342
\l__tblr_t_dim=\dimen343
\l__tblr_v_dim=\dimen344
\l__tblr_w_dim=\dimen345
\l__tblr_a_box=\box95
\l__tblr_b_box=\box96
\l__tblr_c_box=\box97
\l__tblr_d_box=\box98
\c@tblrcount=\count448
\c@rownum=\count449
\c@colnum=\count450
\c@rowcount=\count451
\c@colcount=\count452
\abovesep=\dimen346
\belowsep=\dimen347
\leftsep=\dimen348
\rightsep=\dimen349
\gTblrLevelInt=\count453
\g__tblr_data_row_key_count_int=\count454
\g__tblr_data_column_key_count_int=\count455
\g__tblr_data_cell_key_count_int=\count456
\g__tblr_array_int=\count457
\l__tblr_key_count_int=\count458
\l__tblr_key_quotient_int=\count459
\l__tblr_key_quotient_two_int=\count460
\l__tblr_key_remainder_int=\count461
\g__tblr_data_str_value_count_int=\count462
\lTblrChildTotalInt=\count463
\lTblrChildHtotalInt=\count464
\lTblrChildVtotalInt=\count465
\l__child_diff_h_int=\count466
\l__child_diff_v_int=\count467
\l__child_sign_h_int=\count468
\l__child_sign_v_int=\count469
\l__child_step_int=\count470
\lTblrDefaultHruleWidthDim=\dimen350
\lTblrDefaultVruleWidthDim=\dimen351
\l__tblr_split_balance_int=\count471
\l__tblr_strut_dp_dim=\dimen352
\l__tblr_strut_ht_dim=\dimen353
\g__tblr_cell_wd_dim=\dimen354
\g__tblr_cell_ht_dim=\dimen355
\g__tblr_cell_head_dim=\dimen356
\g__tblr_cell_foot_dim=\dimen357
\l__tblr_measured_cell_box=\box99
\g__tblr_last_box=\box100
\l__tblr_temp_box=\box101
\l__tblr_column_target_dim=\dimen358
\l__tblr_hfuzz_dim=\dimen359
\l__tblr_caption_box=\box102
\l__tblr_caption_left_box=\box103
\lTblrRowHeadInt=\count472
\lTblrRowFootInt=\count473
\l__tblr_row_head_box=\box104
\l__tblr_row_foot_box=\box105
\l__tblr_row_head_foot_dim=\dimen360
\lTblrTableWidthDim=\dimen361
\l__tblr_table_firsthead_box=\box106
\l__tblr_table_middlehead_box=\box107
\l__tblr_table_lasthead_box=\box108
\l__tblr_table_firstfoot_box=\box109
\l__tblr_table_middlefoot_box=\box110
\l__tblr_table_lastfoot_box=\box111
\l__tblr_remain_height_dim=\dimen362
\l__tblr_next_rows_dim=\dimen363
\l__tblr_page_overfill_dim=\dimen364
\l__tblr_long_from_int=\count474
\l__tblr_long_to_int=\count475
\l__tblr_curr_i_int=\count476
\l__tblr_prev_i_int=\count477
\lTblrTablePageInt=\count478
\l__tblr_table_head_box=\box112
\l__tblr_table_foot_box=\box113
\l__tblr_table_head_foot_dim=\dimen365
\l__tblr_table_head_body_foot_dim=\dimen366
\l__tblr_table_box=\box114
\lTblrRowFirstInt=\count479
\lTblrRowLastInt=\count480
\l__tblr_cover_box_a_dim=\dimen367
\l__tblr_cover_box_b_dim=\dimen368
\l__tblr_table_hlines_box=\box115
\l__tblr_hline_box=\box116
\l__tblr_row_box=\box117
\l__tblr_col_o_wd_dim=\dimen369
\l__tblr_col_b_wd_dim=\dimen370
\l__tblr_hline_leftskip_dim=\dimen371
\l__tblr_hline_rightskip_dim=\dimen372
\l__tblr_row_ht_dim=\dimen373
\l__tblr_row_dp_dim=\dimen374
\l__tblr_row_abovesep_dim=\dimen375
\l__tblr_row_belowsep_dim=\dimen376
\l__tblr_row_vlines_box=\box118
\l__tblr_vline_box=\box119
\l__tblr_cell_box=\box120
\l__tblr_row_upper_dim=\dimen377
\l__tblr_row_lower_dim=\dimen378
\l__tblr_row_vpace_dim=\dimen379
\l__tblr_vline_aboveskip_dim=\dimen380
\l__tblr_vline_belowskip_dim=\dimen381
\lTblrCellRowSpanInt=\count481
\lTblrCellColSpanInt=\count482
\l__tblr_cell_wd_dim=\dimen382
\l__tblr_cell_ht_dim=\dimen383
\lTblrCellAboveBorderWidthDim=\dimen384
\lTblrCellBelowBorderWidthDim=\dimen385
\lTblrCellLeftBorderWidthDim=\dimen386
\lTblrCellRightBorderWidthDim=\dimen387
\l__tblr_diag_box=\box121
\l__tblr_cell_inner_wd_dim=\dimen388
\l__tblr_cell_inner_dp_dim=\dimen389
\l__tblr_cell_hanchor_dim=\dimen390
\l__tblr_last_cell_table_ht_dim=\dimen391
\l__tblr_last_cell_table_dp_dim=\dimen392
\l__tblr_last_vline_wd_dim=\dimen393
\l__tblr_tikz_node_box=\box122
) (/usr/local/texlive/2026/texmf-dist/tex/latex/tcolorbox/tcolorbox.sty
Package: tcolorbox 2025/11/28 version 6.9.0 text color boxes
 (/usr/local/texlive/2026/texmf-dist/tex/latex/tools/verbatim.sty
Package: verbatim 2024-01-22 v1.5x LaTeX2e package for verbatim enhancements
\every@verbatim=\toks37
\verbatim@line=\toks38
\verbatim@in@stream=\read3
) (/usr/local/texlive/2026/texmf-dist/tex/latex/environ/environ.sty
Package: environ 2014/05/04 v0.3 A new way to define environments
 (/usr/local/texlive/2026/texmf-dist/tex/latex/trimspaces/trimspaces.sty
Package: trimspaces 2009/09/17 v1.1 Trim spaces around a token list
)
\@envbody=\toks39
) (/usr/local/texlive/2026/texmf-dist/tex/latex/etoolbox/etoolbox.sty
Package: etoolbox 2025/10/02 v2.5m e-TeX tools for LaTeX (JAW)
\etb@tempcnta=\count483
)
\tcb@titlebox=\box123
\tcb@upperbox=\box124
\tcb@lowerbox=\box125
\tcb@phantombox=\box126
\c@tcbbreakpart=\count484
\c@tcblayer=\count485
\c@tcolorbox@number=\count486
\l__tcobox_tmpa_box=\box127
\l__tcobox_tmpa_dim=\dimen394
\tcb@temp=\box128
\tcb@temp=\box129
\tcb@temp=\box130
\tcb@temp=\box131
) (/usr/local/texlive/2026/texmf-dist/tex/latex/adjustbox/adjustbox.sty
Package: adjustbox 2025/02/26 v1.3c Adjusting TeX boxes (trim, clip, ...)
 (/usr/local/texlive/2026/texmf-dist/tex/latex/xkeyval/xkeyval.sty
Package: xkeyval 2025/11/04 v2.10 package option processing (HA)
 (/usr/local/texlive/2026/texmf-dist/tex/generic/xkeyval/xkeyval.tex (/usr/local/texlive/2026/texmf-dist/tex/generic/xkeyval/xkvutils.tex
\XKV@toks=\toks40
\XKV@tempa@toks=\toks41
\XKV@tempb@toks=\toks42
)
\XKV@depth=\count487
File: xkeyval.tex 2014/12/03 v2.7a key=value parser (HA)
)) (/usr/local/texlive/2026/texmf-dist/tex/latex/adjustbox/adjcalc.sty
Package: adjcalc 2012/05/16 v1.1 Provides advanced setlength with multiple back-ends (calc, etex, pgfmath)
) (/usr/local/texlive/2026/texmf-dist/tex/latex/adjustbox/trimclip.sty
Package: trimclip 2025/02/21 v1.2a Trim and clip general TeX material
 (/usr/local/texlive/2026/texmf-dist/tex/latex/collectbox/collectbox.sty
Package: collectbox 2022/10/17 v0.4c Collect macro arguments as boxes
\collectedbox=\box132
)
\tc@llx=\dimen395
\tc@lly=\dimen396
\tc@urx=\dimen397
\tc@ury=\dimen398
Package trimclip Info: Using driver 'tc-xetex.def'.
 (/usr/local/texlive/2026/texmf-dist/tex/latex/adjustbox/tc-xetex.def
File: tc-xetex.def 2019/01/04 v2.2 Clipping driver for xetex
))
\adjbox@Width=\dimen399
\adjbox@Height=\dimen400
\adjbox@Depth=\dimen401
\adjbox@Totalheight=\dimen402
\adjbox@pwidth=\dimen403
\adjbox@pheight=\dimen404
\adjbox@pdepth=\dimen405
\adjbox@ptotalheight=\dimen406
 (/usr/local/texlive/2026/texmf-dist/tex/latex/ifoddpage/ifoddpage.sty
Package: ifoddpage 2022/10/18 v1.2 Conditionals for odd/even page detection
\c@checkoddpage=\count488
) (/usr/local/texlive/2026/texmf-dist/tex/latex/varwidth/varwidth.sty
Package: varwidth 2009/03/30 ver 0.92;  Variable-width minipages
\@vwid@box=\box133
\sift@deathcycles=\count489
\@vwid@loff=\dimen407
\@vwid@roff=\dimen408
)
==> First Aid for varwidth.sty applied!
) (/usr/local/texlive/2026/texmf-dist/tex/latex/multirow/multirow.sty
Package: multirow 2024/11/12 v2.9 Span multiple rows of a table
\multirow@colwidth=\skip68
\multirow@cntb=\count490
\multirow@dima=\skip69
\bigstrutjot=\dimen409
) (/usr/local/texlive/2026/texmf-dist/tex/latex/amsmath/amsmath.sty
Package: amsmath 2025/07/09 v2.17z AMS math features
\@mathmargin=\skip70

For additional information on amsmath, use the `?' option.
(/usr/local/texlive/2026/texmf-dist/tex/latex/amsmath/amstext.sty
Package: amstext 2024/11/17 v2.01 AMS text
 (/usr/local/texlive/2026/texmf-dist/tex/latex/amsmath/amsgen.sty
File: amsgen.sty 1999/11/30 v2.0 generic functions
\@emptytoks=\toks43
\ex@=\dimen410
)) (/usr/local/texlive/2026/texmf-dist/tex/latex/amsmath/amsbsy.sty
Package: amsbsy 1999/11/29 v1.2d Bold Symbols
\pmbraise@=\dimen411
) (/usr/local/texlive/2026/texmf-dist/tex/latex/amsmath/amsopn.sty
Package: amsopn 2022/04/08 v2.04 operator names
)
\inf@bad=\count491
LaTeX Info: Redefining \frac on input line 233.
\uproot@=\count492
\leftroot@=\count493
LaTeX Info: Redefining \overline on input line 398.
LaTeX Info: Redefining \colon on input line 409.
\classnum@=\count494
\DOTSCASE@=\count495
LaTeX Info: Redefining \ldots on input line 495.
LaTeX Info: Redefining \dots on input line 498.
LaTeX Info: Redefining \cdots on input line 619.
\Mathstrutbox@=\box134
\strutbox@=\box135
LaTeX Info: Redefining \big on input line 721.
LaTeX Info: Redefining \Big on input line 722.
LaTeX Info: Redefining \bigg on input line 723.
LaTeX Info: Redefining \Bigg on input line 724.
\big@size=\dimen412
LaTeX Font Info:    Redeclaring font encoding OML on input line 742.
LaTeX Font Info:    Redeclaring font encoding OMS on input line 743.
\macc@depth=\count496
LaTeX Info: Redefining \bmod on input line 904.
LaTeX Info: Redefining \pmod on input line 909.
LaTeX Info: Redefining \smash on input line 939.
LaTeX Info: Redefining \relbar on input line 969.
LaTeX Info: Redefining \Relbar on input line 970.
\c@MaxMatrixCols=\count497
\dotsspace@=\muskip17
\c@parentequation=\count498
\dspbrk@lvl=\count499
\tag@help=\toks44
\row@=\count500
\column@=\count501
\maxfields@=\count502
\andhelp@=\toks45
\eqnshift@=\dimen413
\alignsep@=\dimen414
\tagshift@=\dimen415
\tagwidth@=\dimen416
\totwidth@=\dimen417
\lineht@=\dimen418
\@envbody=\toks46
\multlinegap=\skip71
\multlinetaggap=\skip72
\mathdisplay@stack=\toks47
LaTeX Info: Redefining \[ on input line 2950.
LaTeX Info: Redefining \] on input line 2951.
) (/usr/local/texlive/2026/texmf-dist/tex/latex/chngcntr/chngcntr.sty
Package: chngcntr 2018/04/09 v1.1a change counter resetting
Package chngcntr Info: \counterwithout already defined.
(chngcntr)             Quitting chngcntr on input line 21.
) (/usr/local/texlive/2026/texmf-dist/tex/latex/amsfonts/amssymb.sty
Package: amssymb 2013/01/14 v3.01 AMS font symbols
 (/usr/local/texlive/2026/texmf-dist/tex/latex/amsfonts/amsfonts.sty
Package: amsfonts 2013/01/14 v3.01 Basic AMSFonts support
\symAMSa=\mathgroup4
\symAMSb=\mathgroup5
LaTeX Font Info:    Redeclaring math symbol \hbar on input line 98.
LaTeX Font Info:    Overwriting math alphabet `\mathfrak' in version `bold'
(Font)                  U/euf/m/n --> U/euf/b/n on input line 106.
)) (/usr/local/texlive/2026/texmf-dist/tex/latex/amscls/amsthm.sty
Package: amsthm 2020/05/29 v2.20.6
\thm@style=\toks48
\thm@bodyfont=\toks49
\thm@headfont=\toks50
\thm@notefont=\toks51
\thm@headpunct=\toks52
\thm@preskip=\skip73
\thm@postskip=\skip74
\thm@headsep=\skip75
\dth@everypar=\toks53
) (/usr/local/texlive/2026/texmf-dist/tex/latex/esvect/esvect.sty
Package: esvect 
\symesvector=\mathgroup6
) (/usr/local/texlive/2026/texmf-dist/tex/latex/units/nicefrac.sty
Package: nicefrac 1998/08/04 v0.9b Nice fractions
\L@UnitsRaiseDisplaystyle=\skip76
\L@UnitsRaiseTextstyle=\skip77
\L@UnitsRaiseScriptstyle=\skip78
 (/usr/local/texlive/2026/texmf-dist/tex/latex/base/ifthen.sty
Package: ifthen 2024/03/16 v1.1e Standard LaTeX ifthen package (DPC)
)) (/usr/local/texlive/2026/texmf-dist/tex/latex/siunitx/siunitx.sty
Package: siunitx 2025-07-09 v3.4.14 A comprehensive (SI) units package
\l__siunitx_number_uncert_offset_int=\count503
\l__siunitx_number_exponent_fixed_int=\count504
\l__siunitx_number_min_decimal_int=\count505
\l__siunitx_number_min_integer_int=\count506
\l__siunitx_number_round_precision_int=\count507
\l__siunitx_number_lower_threshold_int=\count508
\l__siunitx_number_upper_threshold_int=\count509
\l__siunitx_number_group_first_int=\count510
\l__siunitx_number_group_size_int=\count511
\l__siunitx_number_group_minimum_int=\count512
\l__siunitx_angle_tmp_dim=\dimen419
\l__siunitx_angle_marker_box=\box136
\l__siunitx_angle_unit_box=\box137
\l__siunitx_compound_count_int=\count513
 (/usr/local/texlive/2026/texmf-dist/tex/latex/translations/translations.sty
Package: translations 2022/02/05 v1.12 internationalization of LaTeX2e packages (CN)
)
\l__siunitx_table_tmp_box=\box138
\l__siunitx_table_tmp_dim=\dimen420
\l__siunitx_table_column_width_dim=\dimen421
\l__siunitx_table_integer_box=\box139
\l__siunitx_table_decimal_box=\box140
\l__siunitx_table_uncert_box=\box141
\l__siunitx_table_before_box=\box142
\l__siunitx_table_after_box=\box143
\l__siunitx_table_before_dim=\dimen422
\l__siunitx_table_carry_dim=\dimen423
\l__siunitx_unit_tmp_int=\count514
\l__siunitx_unit_position_int=\count515
\l__siunitx_unit_total_int=\count516
) (/usr/local/texlive/2026/texmf-dist/tex/latex/psnfss/pifont.sty
Package: pifont 2020/03/25 PSNFSS-v9.3 Pi font support (SPQR) 
LaTeX Font Info:    Trying to load font information for U+pzd on input line 63.
 (/usr/local/texlive/2026/texmf-dist/tex/latex/psnfss/upzd.fd
File: upzd.fd 2001/06/04 font definitions for U/pzd.
)
LaTeX Font Info:    Trying to load font information for U+psy on input line 64.
 (/usr/local/texlive/2026/texmf-dist/tex/latex/psnfss/upsy.fd
File: upsy.fd 2001/06/04 font definitions for U/psy.
)) (/usr/local/texlive/2026/texmf-dist/tex/latex/wasysym/wasysym.sty
Package: wasysym 2020/01/19 v2.4 Wasy-2 symbol support package
\symwasy=\mathgroup7
LaTeX Font Info:    Overwriting symbol font `wasy' in version `bold'
(Font)                  U/wasy/m/n --> U/wasy/b/n on input line 93.
) (/usr/local/texlive/2026/texmf-dist/tex/latex/extarrows/extarrows.sty
Package: extarrows 2020/03/12 v1.2.0 Some extensible arrows
) (/usr/local/texlive/2026/texmf-dist/tex/latex/mathtools/mathtools.sty
Package: mathtools 2024/10/04 v1.31 mathematical typesetting tools
 (/usr/local/texlive/2026/texmf-dist/tex/latex/tools/calc.sty
Package: calc 2025/03/01 v4.3b Infix arithmetic (KKT,FJ)
\calc@Acount=\count517
\calc@Bcount=\count518
\calc@Adimen=\dimen424
\calc@Bdimen=\dimen425
\calc@Askip=\skip79
\calc@Bskip=\skip80
LaTeX Info: Redefining \setlength on input line 86.
LaTeX Info: Redefining \addtolength on input line 87.
\calc@Ccount=\count519
\calc@Cskip=\skip81
) (/usr/local/texlive/2026/texmf-dist/tex/latex/mathtools/mhsetup.sty
Package: mhsetup 2021/03/18 v1.4 programming setup (MH)
)
\g_MT_multlinerow_int=\count520
\l_MT_multwidth_dim=\dimen426
\origjot=\skip82
\l_MT_shortvdotswithinadjustabove_dim=\dimen427
\l_MT_shortvdotswithinadjustbelow_dim=\dimen428
\l_MT_above_intertext_sep=\dimen429
\l_MT_below_intertext_sep=\dimen430
\l_MT_above_shortintertext_sep=\dimen431
\l_MT_below_shortintertext_sep=\dimen432
\xmathstrut@box=\box144
\xmathstrut@dim=\dimen433
) (/usr/local/texlive/2026/texmf-dist/tex/latex/jknapltx/mathrsfs.sty
Package: mathrsfs 1996/01/01 Math RSFS package v1.0 (jk)
\symrsfs=\mathgroup8
) (/usr/local/texlive/2026/texmf-dist/tex/latex/relsize/relsize.sty
Package: relsize 2013/03/29 ver 4.1
) (/usr/local/texlive/2026/texmf-dist/tex/latex/makecell/makecell.sty
Package: makecell 2009/08/03 V0.1e Managing of Tab Column Heads and Cells
\rotheadsize=\dimen434
\c@nlinenum=\count521
\TeXr@lab=\toks54
) (/usr/local/texlive/2026/texmf-dist/tex/latex/diagbox/diagbox.sty
Package: diagbox 2020/02/09 v2.3 Making table heads with diagonal lines
 (/usr/local/texlive/2026/texmf-dist/tex/latex/pict2e/pict2e.sty
Package: pict2e 2020/09/30 v0.4b Improved picture commands (HjG,RN,JT)
 (/usr/local/texlive/2026/texmf-dist/tex/latex/pict2e/pict2e.cfg
File: pict2e.cfg 2016/02/05 v0.1u pict2e configuration for teTeX/TeXLive
)
Package pict2e Info: Driver file: xetex.def on input line 112.
Package pict2e Info: Driver file for pict2e: p2e-xetex.def on input line 114.
 (/usr/local/texlive/2026/texmf-dist/tex/latex/pict2e/p2e-xetex.def
File: p2e-xetex.def 2016/02/05 v0.1u Driver-dependant file (RN,HjG,JT)
)
\pIIe@GRAPH=\toks55
\@arclen=\dimen435
\@arcrad=\dimen436
\pIIe@tempdima=\dimen437
\pIIe@tempdimb=\dimen438
\pIIe@tempdimc=\dimen439
\pIIe@tempdimd=\dimen440
\pIIe@tempdime=\dimen441
\pIIe@tempdimf=\dimen442
)
\diagbox@boxa=\box145
\diagbox@boxb=\box146
\diagbox@boxm=\box147
\diagbox@wd=\dimen443
\diagbox@ht=\dimen444
\diagbox@insepl=\dimen445
\diagbox@insepr=\dimen446
\diagbox@outsepl=\dimen447
\diagbox@outsepr=\dimen448
) (/usr/local/texlive/2026/texmf-dist/tex/latex/tools/longtable.sty
Package: longtable 2025-10-13 v4.24 Multi-page Table package (DPC)
\LTleft=\skip83
\LTright=\skip84
\LTpre=\skip85
\LTpost=\skip86
\LTchunksize=\count522
\LTcapwidth=\dimen449
\LT@head=\box148
\LT@firsthead=\box149
\LT@foot=\box150
\LT@lastfoot=\box151
\LT@gbox=\box152
\LT@cols=\count523
\LT@rows=\count524
\c@LT@tables=\count525
\c@LT@chunks=\count526
\LT@p@ftn=\toks56
) (/usr/local/texlive/2026/texmf-dist/tex/latex/xifthen/xifthen.sty
Package: xifthen 2015/11/05 v1.4.0 Extended ifthen features
 (/usr/local/texlive/2026/texmf-dist/tex/latex/ifmtarg/ifmtarg.sty
Package: ifmtarg 2018/04/16 v1.2b check for an empty argument
)) (/usr/local/texlive/2026/texmf-dist/tex/latex/enumitem/enumitem.sty
Package: enumitem 2025/02/06 v3.11 Customized lists
\labelindent=\skip87
\enit@outerparindent=\dimen450
\enit@toks=\toks57
\enit@inbox=\box153
\enit@count@id=\count527
\enitdp@description=\count528
) (/usr/local/texlive/2026/texmf-dist/tex/latex/iitem/iitem.sty
Package: iitem 2013/03/31 v1.0 Go a step deeper in lists using the new commands ``iitem'', ``iiitem'' and ``ivtem''.
\c@iitemcounter=\count529
\c@iiitemcounter=\count530
\c@ivtemcounter=\count531
) (/usr/local/texlive/2026/texmf-dist/tex/latex/tabto-ltx/tabto.sty
Package: tabto 2018/12/28  v 1.4  Another tabbing mechanism
\CurrentLineWidth=\dimen451
\TabPrevPos=\dimen452
) (/usr/local/texlive/2026/texmf-dist/tex/generic/ulem/ulem.sty
\UL@box=\box154
\UL@hyphenbox=\box155
\UL@skip=\skip88
\UL@hook=\toks58
\UL@height=\dimen453
\UL@pe=\count532
\UL@pixel=\dimen454
\ULC@box=\box156
Package: ulem 2019/11/18
\ULdepth=\dimen455
)
\patchtoks=\toks59
\lxxa=\skip89
\lxxb=\skip90
\lxxc=\skip91
\lxxd=\skip92
\lxxmax=\skip93
\lhalf=\skip94
\lhalfhalf=\skip95
 (/usr/local/texlive/2026/texmf-dist/tex/latex/circledsteps/circledsteps.sty
Package: circledsteps 2023/08/11 v1.3.3 Circled steps that you can reference
 (/usr/local/texlive/2026/texmf-dist/tex/latex/picture/picture.sty
Package: picture 2026-03-07 v2 Dimens for picture macros (HO)
)

Package circledsteps Warning: Failed to patch either picture.sty or pict2e.sty:
(circledsteps)                  oval shapes will not be filled. .

\csteps@CBox=\box157
\csteps@XLength=\skip96
\csteps@YLength=\skip97
\csteps@YDepth=\skip98
\csteps@tmplen=\skip99
\c@cstepcnt=\count533
) (/usr/local/texlive/2026/texmf-dist/tex/latex/oberdiek/centernot.sty
Package: centernot 2016/05/16 v1.4 Centers the not symbol horizontally (HO)
)
\symyh=\mathgroup9
 (/usr/local/texlive/2026/texmf-dist/tex/generic/xstring/xstring.sty (/usr/local/texlive/2026/texmf-dist/tex/generic/xstring/xstring.tex
\xs_counta=\count534
\xs_countb=\count535
)
Package: xstring 2023/08/22 v1.86 String manipulations (CT)
) (/usr/local/texlive/2026/texmf-dist/tex/latex/lipsum/lipsum.sty
Package: lipsum 2021-09-20 v2.7 150 paragraphs of Lorem Ipsum dummy text
\g__lipsum_par_int=\count536
\l__lipsum_a_int=\count537
\l__lipsum_b_int=\count538
 (/usr/local/texlive/2026/texmf-dist/tex/latex/lipsum/lipsum.ltd.tex)) (/usr/local/texlive/2026/texmf-dist/tex/latex/tools/multicol.sty
Package: multicol 2025/10/21 v2.0b multicolumn formatting (FMi)
\c@tracingmulticols=\count539
\mult@box=\box158
\multicol@leftmargin=\dimen456
\c@unbalance=\count540
\c@collectmore=\count541
\doublecol@number=\count542
\multicoltolerance=\count543
\multicolpretolerance=\count544
\full@width=\dimen457
\page@free=\dimen458
\premulticols=\dimen459
\postmulticols=\dimen460
\multicolsep=\skip100
\multicolbaselineskip=\skip101
\partial@page=\box159
\last@line=\box160
\mc@boxedresult=\box161
\maxbalancingoverflow=\dimen461
\mult@rightbox=\box256
\mult@grightbox=\box257
\mult@firstbox=\box258
\mult@gfirstbox=\box259
\@tempa=\box260
\@tempa=\box261
\@tempa=\box262
\@tempa=\box263
\@tempa=\box264
\@tempa=\box265
\@tempa=\box266
\@tempa=\box267
\@tempa=\box268
\@tempa=\box269
\@tempa=\box270
\@tempa=\box271
\@tempa=\box272
\@tempa=\box273
\@tempa=\box274
\@tempa=\box275
\@tempa=\box276
\@tempa=\box277
\@tempa=\box278
\@tempa=\box279
\@tempa=\box280
\@tempa=\box281
\@tempa=\box282
\@tempa=\box283
\@tempa=\box284
\@tempa=\box285
\@tempa=\box286
\@tempa=\box287
\@tempa=\box288
\@tempa=\box289
\@tempa=\box290
\@tempa=\box291
\@tempa=\box292
\@tempa=\box293
\@tempa=\box294
\@tempa=\box295
\c@minrows=\count545
\c@columnbadness=\count546
\c@finalcolumnbadness=\count547
\last@try=\dimen462
\multicolovershoot=\dimen463
\multicolundershoot=\dimen464
\mult@nat@firstbox=\box296
\colbreak@box=\box297
\mc@col@check@num=\count548
\g__mc_curr_col_int=\count549
) (/usr/local/texlive/2026/texmf-dist/tex/latex/footnpag/footnpag.sty
Package: footnpag 1995/11/10 v2.6 numbering footnotes per page
\old_foot_file=\read4
\foot_file=\write4
\foot_name_no=\count550
) (/usr/local/texlive/2026/texmf-dist/tex/latex/hyperref/hyperref.sty
Package: hyperref 2026-01-29 v7.01p Hypertext links for LaTeX
 (/usr/local/texlive/2026/texmf-dist/tex/latex/kvsetkeys/kvsetkeys.sty
Package: kvsetkeys 2022-10-05 v1.19 Key value parser (HO)
) (/usr/local/texlive/2026/texmf-dist/tex/generic/kvdefinekeys/kvdefinekeys.sty
Package: kvdefinekeys 2019-12-19 v1.6 Define keys (HO)
) (/usr/local/texlive/2026/texmf-dist/tex/generic/pdfescape/pdfescape.sty
Package: pdfescape 2019/12/09 v1.15 Implements pdfTeX's escape features (HO)
) (/usr/local/texlive/2026/texmf-dist/tex/latex/hycolor/hycolor.sty
Package: hycolor 2020-01-27 v1.10 Color options for hyperref/bookmark (HO)
) (/usr/local/texlive/2026/texmf-dist/tex/latex/hyperref/nameref.sty
Package: nameref 2026-01-29 v2.58 Cross-referencing by name of section
 (/usr/local/texlive/2026/texmf-dist/tex/latex/refcount/refcount.sty
Package: refcount 2019/12/15 v3.6 Data extraction from label references (HO)
) (/usr/local/texlive/2026/texmf-dist/tex/generic/gettitlestring/gettitlestring.sty
Package: gettitlestring 2019/12/15 v1.6 Cleanup title references (HO)
 (/usr/local/texlive/2026/texmf-dist/tex/latex/kvoptions/kvoptions.sty
Package: kvoptions 2022-06-15 v3.15 Key value format for package options (HO)
))
\c@section@level=\count551
) (/usr/local/texlive/2026/texmf-dist/tex/generic/stringenc/stringenc.sty
Package: stringenc 2019/11/29 v1.12 Convert strings between diff. encodings (HO)
)
\@linkdim=\dimen465
\Hy@linkcounter=\count552
\Hy@pagecounter=\count553
 (/usr/local/texlive/2026/texmf-dist/tex/latex/hyperref/pd1enc.def
File: pd1enc.def 2026-01-29 v7.01p Hyperref: PDFDocEncoding definition (HO)
) (/usr/local/texlive/2026/texmf-dist/tex/generic/intcalc/intcalc.sty
Package: intcalc 2019/12/15 v1.3 Expandable calculations with integers (HO)
)
\Hy@SavedSpaceFactor=\count554
 (/usr/local/texlive/2026/texmf-dist/tex/latex/hyperref/puenc.def
File: puenc.def 2026-01-29 v7.01p Hyperref: PDF Unicode definition (HO)
)
Package hyperref Info: Option `unicode' set `true' on input line 4072.
Package hyperref Info: Hyper figures OFF on input line 4201.
Package hyperref Info: Link nesting OFF on input line 4206.
Package hyperref Info: Hyper index ON on input line 4209.
Package hyperref Info: Plain pages OFF on input line 4216.
Package hyperref Info: Backreferencing OFF on input line 4221.
Package hyperref Info: Implicit mode ON; LaTeX internals redefined.
Package hyperref Info: Bookmarks ON on input line 4468.
\c@Hy@tempcnt=\count555
 (/usr/local/texlive/2026/texmf-dist/tex/latex/url/url.sty
\Urlmuskip=\muskip18
Package: url 2013/09/16  ver 3.4  Verb mode for urls, etc.
)
LaTeX Info: Redefining \url on input line 4807.
\XeTeXLinkMargin=\dimen466
 (/usr/local/texlive/2026/texmf-dist/tex/generic/bitset/bitset.sty
Package: bitset 2019/12/09 v1.3 Handle bit-vector datatype (HO)
 (/usr/local/texlive/2026/texmf-dist/tex/generic/bigintcalc/bigintcalc.sty
Package: bigintcalc 2019/12/15 v1.5 Expandable calculations on big integers (HO)
))
\Fld@menulength=\count556
\Field@Width=\dimen467
\Fld@charsize=\dimen468
Package hyperref Info: Hyper figures OFF on input line 6084.
Package hyperref Info: Link nesting OFF on input line 6089.
Package hyperref Info: Hyper index ON on input line 6092.
Package hyperref Info: backreferencing OFF on input line 6099.
Package hyperref Info: Link coloring OFF on input line 6104.
Package hyperref Info: Link coloring with OCG OFF on input line 6109.
Package hyperref Info: PDF/A mode OFF on input line 6114.
\Hy@abspage=\count557
\c@Item=\count558
\c@Hfootnote=\count559
)
Package hyperref Info: Driver (autodetected): hxetex.
 (/usr/local/texlive/2026/texmf-dist/tex/latex/hyperref/hxetex.def
File: hxetex.def 2026-01-29 v7.01p Hyperref driver for XeTeX
\pdfm@box=\box298
\c@Hy@AnnotLevel=\count560
\HyField@AnnotCount=\count561
\Fld@listcount=\count562
\c@bookmark@seq@number=\count563
 (/usr/local/texlive/2026/texmf-dist/tex/latex/rerunfilecheck/rerunfilecheck.sty
Package: rerunfilecheck 2025-06-21 v1.11 Rerun checks for auxiliary files (HO)
 (/usr/local/texlive/2026/texmf-dist/tex/generic/uniquecounter/uniquecounter.sty
Package: uniquecounter 2019/12/15 v1.4 Provide unlimited unique counter (HO)
)
Package uniquecounter Info: New unique counter `rerunfilecheck' on input line 284.
)
\Hy@SectionHShift=\skip102
)
Package hyperref Info: Option `colorlinks' set `true' on input line 745.
Package hyperref Info: Option `plainpages' set `false' on input line 745.
Package hyperref Info: Option `breaklinks' set `true' on input line 745.
Package hyperref Info: Option `bookmarksnumbered' set `false' on input line 745.
Package hyperref Info: Option `bookmarksopen' set `true' on input line 745.


Package hyperref Warning: Token not allowed in a PDF string (Unicode):
(hyperref)                removing `\spacefactor' on input line 745.


Package hyperref Warning: Token not allowed in a PDF string (Unicode):
(hyperref)                removing `\@m' on input line 745.


Package hyperref Warning: Token not allowed in a PDF string (Unicode):
(hyperref)                removing `\spacefactor' on input line 745.


Package hyperref Warning: Token not allowed in a PDF string (Unicode):
(hyperref)                removing `\@m' on input line 745.

Package hyperref Info: Option `linktocpage' set `true' on input line 745.
(/usr/local/texlive/2026/texmf-dist/tex/latex/lm/lmodern.sty
Package: lmodern 2015/05/01 v1.6.1 Latin Modern Fonts
LaTeX Font Info:    Overwriting symbol font `operators' in version `normal'
(Font)                  OT1/cmr/m/n --> OT1/lmr/m/n on input line 22.
LaTeX Font Info:    Overwriting symbol font `letters' in version `normal'
(Font)                  OML/cmm/m/it --> OML/lmm/m/it on input line 23.
LaTeX Font Info:    Overwriting symbol font `symbols' in version `normal'
(Font)                  OMS/cmsy/m/n --> OMS/lmsy/m/n on input line 24.
LaTeX Font Info:    Overwriting symbol font `largesymbols' in version `normal'
(Font)                  OMX/cmex/m/n --> OMX/lmex/m/n on input line 25.
LaTeX Font Info:    Overwriting symbol font `operators' in version `bold'
(Font)                  OT1/cmr/bx/n --> OT1/lmr/bx/n on input line 26.
LaTeX Font Info:    Overwriting symbol font `letters' in version `bold'
(Font)                  OML/cmm/b/it --> OML/lmm/b/it on input line 27.
LaTeX Font Info:    Overwriting symbol font `symbols' in version `bold'
(Font)                  OMS/cmsy/b/n --> OMS/lmsy/b/n on input line 28.
LaTeX Font Info:    Overwriting symbol font `largesymbols' in version `bold'
(Font)                  OMX/cmex/m/n --> OMX/lmex/m/n on input line 29.
LaTeX Font Info:    Overwriting math alphabet `\mathbf' in version `normal'
(Font)                  OT1/cmr/bx/n --> OT1/lmr/bx/n on input line 31.
LaTeX Font Info:    Overwriting math alphabet `\mathsf' in version `normal'
(Font)                  OT1/cmss/m/n --> OT1/lmss/m/n on input line 32.
LaTeX Font Info:    Overwriting math alphabet `\mathit' in version `normal'
(Font)                  OT1/cmr/m/it --> OT1/lmr/m/it on input line 33.
LaTeX Font Info:    Overwriting math alphabet `\mathtt' in version `normal'
(Font)                  OT1/cmtt/m/n --> OT1/lmtt/m/n on input line 34.
LaTeX Font Info:    Overwriting math alphabet `\mathbf' in version `bold'
(Font)                  OT1/cmr/bx/n --> OT1/lmr/bx/n on input line 35.
LaTeX Font Info:    Overwriting math alphabet `\mathsf' in version `bold'
(Font)                  OT1/cmss/bx/n --> OT1/lmss/bx/n on input line 36.
LaTeX Font Info:    Overwriting math alphabet `\mathit' in version `bold'
(Font)                  OT1/cmr/bx/it --> OT1/lmr/bx/it on input line 37.
LaTeX Font Info:    Overwriting math alphabet `\mathtt' in version `bold'
(Font)                  OT1/cmtt/m/n --> OT1/lmtt/m/n on input line 38.
) (/usr/local/texlive/2026/texmf-dist/tex/latex/anyfontsize/anyfontsize.sty
Invalid UTF-8 byte or sequence at line 3 replaced by U+FFFD.
Invalid UTF-8 byte or sequence at line 3 replaced by U+FFFD.
Package: anyfontsize 2007/11/22 anyfontsize.sty by pts
) (/usr/local/texlive/2026/texmf-dist/tex/latex/silence/silence.sty
Package: silence 2012/07/02 v1.5b Selective filtering of warnings and error messages
\sl@Save=\count564
\sl@StateNumber=\count565
\sl@MessageCount=\count566
\sl@Casualties=\count567
\sl@Filter=\toks60
\sl@Message=\toks61
\sl@UnexpandedMessage=\toks62
\sl@Mess@ge=\toks63
\sl@WarningCount=\count568
\sl@WarningNumber=\count569
\sl@WarningCasualties=\count570
\sl@TempBOW=\toks64
\sl@BankOfWarnings=\toks65
LaTeX Info: Redefining \GenericWarning on input line 433.
\sl@ErrorCount=\count571
\sl@ErrorNumber=\count572
\sl@ErrorCasualties=\count573
\sl@TempBOE=\toks66
\sl@BankOfErrors=\toks67
LaTeX Info: Redefining \GenericError on input line 601.
))
Package translations Info: No language package found. I am going to use `english' as default language. on input line 17.
 (./mainxb.aux (./bodyxb/sanniangaokaoliangnianmoni.aux))
\openout1 = `mainxb.aux'.

LaTeX Font Info:    Checking defaults for OML/cmm/m/it on input line 17.
LaTeX Font Info:    ... okay on input line 17.
LaTeX Font Info:    Checking defaults for OMS/cmsy/m/n on input line 17.
LaTeX Font Info:    ... okay on input line 17.
LaTeX Font Info:    Checking defaults for OT1/cmr/m/n on input line 17.
LaTeX Font Info:    ... okay on input line 17.
LaTeX Font Info:    Checking defaults for T1/cmr/m/n on input line 17.
LaTeX Font Info:    ... okay on input line 17.
LaTeX Font Info:    Checking defaults for TS1/cmr/m/n on input line 17.
LaTeX Font Info:    ... okay on input line 17.
LaTeX Font Info:    Checking defaults for TU/lmr/m/n on input line 17.
LaTeX Font Info:    ... okay on input line 17.
LaTeX Font Info:    Checking defaults for OMX/cmex/m/n on input line 17.
LaTeX Font Info:    ... okay on input line 17.
LaTeX Font Info:    Checking defaults for U/cmr/m/n on input line 17.
LaTeX Font Info:    ... okay on input line 17.
LaTeX Font Info:    Checking defaults for PD1/pdf/m/n on input line 17.
LaTeX Font Info:    ... okay on input line 17.
LaTeX Font Info:    Checking defaults for PU/pdf/m/n on input line 17.
LaTeX Font Info:    ... okay on input line 17.

*geometry* driver: auto-detecting
*geometry* detected driver: xetex
*geometry* verbose mode - [ preamble ] result:
* driver: xetex
* paper: a4paper
* layout: <same size as paper>
* layoutoffset:(h,v)=(0.0pt,0.0pt)
* modes: includehead includefoot 
* h-part:(L,W,R)=(56.9055pt, 475.16095pt, 65.44142pt)
* v-part:(T,H,B)=(28.45274pt, 773.91498pt, 42.67912pt)
* \paperwidth=597.50787pt
* \paperheight=845.04684pt
* \textwidth=475.16095pt
* \textheight=717.0095pt
* \oddsidemargin=-15.36449pt
* \evensidemargin=-15.36449pt
* \topmargin=-43.81725pt
* \headheight=11.38109pt
* \headsep=11.38109pt
* \topskip=10.0pt
* \footskip=34.1433pt
* \marginparwidth=0.0pt
* \marginparsep=0.0pt
* \columnsep=10.0pt
* \skip\footins=9.0pt plus 4.0pt minus 2.0pt
* \hoffset=0.0pt
* \voffset=0.0pt
* \mag=1000
* \@twocolumnfalse
* \@twosidefalse
* \@mparswitchfalse
* \@reversemarginfalse
* (1in=72.27pt=25.4mm, 1cm=28.453pt)

(/usr/local/texlive/2026/texmf-dist/tex/latex/translations/translations-basic-dictionary-english.trsl
File: translations-basic-dictionary-english.trsl (english translation file `translations-basic-dictionary')
)
Package translations Info: loading dictionary `translations-basic-dictionary' for `english'. on input line 17.


Package picture Warning: The picture package has been disabled as most
(picture)                of its functionality is now provided by LaTeX directly.
(picture)                To force the loading of the previous version use
(picture)                `\usepackage{picture}[=v1]`
(picture)                or `\usepackage[calc]{picture}`  on input line 17.

Package hyperref Info: Link coloring ON on input line 17.
(./mainxb.out) (./mainxb.out)
\@outlinefile=\write5
\openout5 = `mainxb.out'.

\openout2 = `bodyxb/sanniangaokaoliangnianmoni.aux'.

 (./bodyxb/sanniangaokaoliangnianmoni.tex
LaTeX Font Info:    Trying to load font information for OT1+lmr on input line 71.
 (/usr/local/texlive/2026/texmf-dist/tex/latex/lm/ot1lmr.fd
File: ot1lmr.fd 2015/05/01 v1.6.1 Font defs for Latin Modern
)
LaTeX Font Info:    Trying to load font information for OML+lmm on input line 71.
 (/usr/local/texlive/2026/texmf-dist/tex/latex/lm/omllmm.fd
File: omllmm.fd 2015/05/01 v1.6.1 Font defs for Latin Modern
)
LaTeX Font Info:    Trying to load font information for OMS+lmsy on input line 71.
 (/usr/local/texlive/2026/texmf-dist/tex/latex/lm/omslmsy.fd
File: omslmsy.fd 2015/05/01 v1.6.1 Font defs for Latin Modern
)
LaTeX Font Info:    Trying to load font information for OMX+lmex on input line 71.
 (/usr/local/texlive/2026/texmf-dist/tex/latex/lm/omxlmex.fd
File: omxlmex.fd 2015/05/01 v1.6.1 Font defs for Latin Modern
)
LaTeX Font Info:    External font `lmex10' loaded for size
(Font)              <10.53937> on input line 71.
LaTeX Font Info:    External font `lmex10' loaded for size
(Font)              <7> on input line 71.
LaTeX Font Info:    External font `lmex10' loaded for size
(Font)              <5> on input line 71.
LaTeX Font Info:    Trying to load font information for U+msa on input line 71.
 (/usr/local/texlive/2026/texmf-dist/tex/latex/amsfonts/umsa.fd
File: umsa.fd 2013/01/14 v3.01 AMS symbols A
)
LaTeX Font Info:    Trying to load font information for U+msb on input line 71.
 (/usr/local/texlive/2026/texmf-dist/tex/latex/amsfonts/umsb.fd
File: umsb.fd 2013/01/14 v3.01 AMS symbols B
)
LaTeX Font Info:    Trying to load font information for U+esvect on input line 71.
 (/usr/local/texlive/2026/texmf-dist/tex/latex/esvect/uesvect.fd
File: uesvect.fd 
)
LaTeX Font Info:    Trying to load font information for U+wasy on input line 71.
 (/usr/local/texlive/2026/texmf-dist/tex/latex/wasysym/uwasy.fd
File: uwasy.fd 2020/01/19 v2.4 Wasy-2 symbol font definitions
)
LaTeX Font Info:    Trying to load font information for U+rsfs on input line 71.
 (/usr/local/texlive/2026/texmf-dist/tex/latex/jknapltx/ursfs.fd
File: ursfs.fd 1998/03/24 rsfs font definition file (jk)
)
LaTeX Font Info:    Trying to load font information for OMX+yhex on input line 71.
 (/usr/local/texlive/2026/texmf-dist/tex/latex/yhmath/OMXyhex.fd
File: OMXyhex.fd 
File: OMXyhex.fd 2013/07/03 v1.1 YH's humble contribution to TeX maths (NP)
) [1



] [2] [3] [4

]

Package fontspec Info: 
(fontspec)             Script 'CJK' not explicitly supported within font
(fontspec)             'STFangsong'. Check the typeset output, and if it is
(fontspec)             okay then ignore this warning. Otherwise a different
(fontspec)             font should be chosen.


Package fontspec Info: 
(fontspec)             Could not resolve font "STFangsong/BI" (it probably
(fontspec)             doesn't exist).


Package fontspec Info: 
(fontspec)             Could not resolve font "STFangsong/B" (it probably
(fontspec)             doesn't exist).


Package fontspec Info: 
(fontspec)             Could not resolve font "STFangsong/I" (it probably
(fontspec)             doesn't exist).


Package fontspec Info: 
(fontspec)             Font family 'STFangsong(0)' created for font
(fontspec)             'STFangsong' with options [Script={CJK}].
(fontspec)              
(fontspec)              This font family consists of the following NFSS
(fontspec)             series/shapes:
(fontspec)              
(fontspec)             - 'normal' (m/n) with NFSS spec.:
(fontspec)             <->"STFangsong/OT:script=hani;language=dflt;"



LaTeX Font Warning: Font shape `U/wasy/b/n' in size <7> not available
(Font)              Font shape `U/wasy/m/n' tried instead on input line 272.


LaTeX Font Warning: Font shape `U/wasy/b/n' in size <5> not available
(Font)              Font shape `U/wasy/m/n' tried instead on input line 272.

[5

] [6] [7] [8] [9] [10]
File: bodyxb/src/11_1169_698_222_236_0.jpg Graphic file (type bmp)
<bodyxb/src/11_1169_698_222_236_0.jpg>
 [11] [12] [13

] [14

] [15] [16]
File: bodyxb/src/16_1151_687_312_219_0.jpg Graphic file (type bmp)
<bodyxb/src/16_1151_687_312_219_0.jpg>
File: bodyxb/src/16_1156_975_310_191_0.jpg Graphic file (type bmp)
<bodyxb/src/16_1156_975_310_191_0.jpg>
 [17] [18] [19

] [20

] [21] [22]
File: bodyxb/src/22_1125_1827_332_191_0.jpg Graphic file (type bmp)
<bodyxb/src/22_1125_1827_332_191_0.jpg>

Missing character: There is no ≠ (U+2260) in font [lmroman10-regular]:mapping=tex-text;!
[23] [24] [25] [26] [27] [28] [29

]
File: bodyxb/src/33_1094_187_289_241_0.jpg Graphic file (type bmp)
<bodyxb/src/33_1094_187_289_241_0.jpg>
 [30

] [31] [32] [33] [34] [35

] [36

] [37] [38] [39] [40] [41]
File: bodyxb/src/54_214_1748_332_248_0.jpg Graphic file (type bmp)
<bodyxb/src/54_214_1748_332_248_0.jpg>
File: bodyxb/src/54_650_1745_305_248_0.jpg Graphic file (type bmp)
<bodyxb/src/54_650_1745_305_248_0.jpg>
File: bodyxb/src/54_1058_1743_292_241_0.jpg Graphic file (type bmp)
<bodyxb/src/54_1058_1743_292_241_0.jpg>
 [42]
File: bodyxb/src/55_1138_170_262_274_0.jpg Graphic file (type bmp)
<bodyxb/src/55_1138_170_262_274_0.jpg>
File: bodyxb/src/55_120_1349_275_261_0.jpg Graphic file (type bmp)
<bodyxb/src/55_120_1349_275_261_0.jpg>
File: bodyxb/src/55_421_1387_307_222_0.jpg Graphic file (type bmp)
<bodyxb/src/55_421_1387_307_222_0.jpg>
File: bodyxb/src/55_752_1405_316_200_0.jpg Graphic file (type bmp)
<bodyxb/src/55_752_1405_316_200_0.jpg>
File: bodyxb/src/55_1095_1384_335_219_0.jpg Graphic file (type bmp)
<bodyxb/src/55_1095_1384_335_219_0.jpg>
 [43]
File: bodyxb/src/56_275_950_325_222_0.jpg Graphic file (type bmp)
<bodyxb/src/56_275_950_325_222_0.jpg>
File: bodyxb/src/56_671_908_300_262_0.jpg Graphic file (type bmp)
<bodyxb/src/56_671_908_300_262_0.jpg>
File: bodyxb/src/56_1042_919_248_253_0.jpg Graphic file (type bmp)
<bodyxb/src/56_1042_919_248_253_0.jpg>
 [44]
File: bodyxb/src/56_990_1633_315_281_0.jpg Graphic file (type bmp)
<bodyxb/src/56_990_1633_315_281_0.jpg>
File: bodyxb/src/57_302_446_933_324_0.jpg Graphic file (type bmp)
<bodyxb/src/57_302_446_933_324_0.jpg>
File: bodyxb/src/58_1033_486_369_175_0.jpg Graphic file (type bmp)
<bodyxb/src/58_1033_486_369_175_0.jpg>
 [45]
File: bodyxb/src/58_1082_1395_326_287_0.jpg Graphic file (type bmp)
<bodyxb/src/58_1082_1395_326_287_0.jpg>
File: bodyxb/src/59_1083_382_311_215_0.jpg Graphic file (type bmp)
<bodyxb/src/59_1083_382_311_215_0.jpg>
File: bodyxb/src/59_1117_1319_283_275_0.jpg Graphic file (type bmp)
<bodyxb/src/59_1117_1319_283_275_0.jpg>
 [46]
File: bodyxb/src/60_299_432_952_426_0.jpg Graphic file (type bmp)
<bodyxb/src/60_299_432_952_426_0.jpg>
File: bodyxb/src/61_305_444_923_330_0.jpg Graphic file (type bmp)
<bodyxb/src/61_305_444_923_330_0.jpg>
 [47]
File: bodyxb/src/62_1078_1724_331_250_0.jpg Graphic file (type bmp)
<bodyxb/src/62_1078_1724_331_250_0.jpg>
 [48] [49]
File: bodyxb/src/66_1066_931_332_263_0.jpg Graphic file (type bmp)
<bodyxb/src/66_1066_931_332_263_0.jpg>
 [50]
File: bodyxb/src/68_1078_908_343_267_0.jpg Graphic file (type bmp)
<bodyxb/src/68_1078_908_343_267_0.jpg>
File: bodyxb/src/68_1024_1329_399_220_0.jpg Graphic file (type bmp)
<bodyxb/src/68_1024_1329_399_220_0.jpg>
 [51] [52] [53] [54

] [55

] [56] [57] [58] [59] [60]
File: bodyxb/src/80_412_1248_765_374_0.jpg Graphic file (type bmp)
<bodyxb/src/80_412_1248_765_374_0.jpg>
File: bodyxb/src/80_1186_1735_237_135_0.jpg Graphic file (type bmp)
<bodyxb/src/80_1186_1735_237_135_0.jpg>
 [61] [62] [63] [64] [65] [66] [67

] [68

]
File: bodyxb/src/92_1109_245_289_285_0.jpg Graphic file (type bmp)
<bodyxb/src/92_1109_245_289_285_0.jpg>
File: bodyxb/src/92_1110_587_288_292_0.jpg Graphic file (type bmp)
<bodyxb/src/92_1110_587_288_292_0.jpg>
File: bodyxb/src/92_1139_956_287_270_0.jpg Graphic file (type bmp)
<bodyxb/src/92_1139_956_287_270_0.jpg>
 [69] [70]
File: bodyxb/src/93_1180_1772_286_245_0.jpg Graphic file (type bmp)
<bodyxb/src/93_1180_1772_286_245_0.jpg>
File: bodyxb/src/94_778_881_692_249_0.jpg Graphic file (type bmp)
<bodyxb/src/94_778_881_692_249_0.jpg>
 [71]
File: bodyxb/src/94_1138_1672_325_208_0.jpg Graphic file (type bmp)
<bodyxb/src/94_1138_1672_325_208_0.jpg>
File: bodyxb/src/95_1042_444_342_192_0.jpg Graphic file (type bmp)
<bodyxb/src/95_1042_444_342_192_0.jpg>
File: bodyxb/src/95_1068_1331_329_260_0.jpg Graphic file (type bmp)
<bodyxb/src/95_1068_1331_329_260_0.jpg>
 [72]
File: bodyxb/src/96_1139_1402_331_251_0.jpg Graphic file (type bmp)
<bodyxb/src/96_1139_1402_331_251_0.jpg>
File: bodyxb/src/97_1054_1394_337_329_0.jpg Graphic file (type bmp)
<bodyxb/src/97_1054_1394_337_329_0.jpg>
File: bodyxb/src/98_1093_294_352_278_0.jpg Graphic file (type bmp)
<bodyxb/src/98_1093_294_352_278_0.jpg>
 [73] [74]
File: bodyxb/src/102_1132_452_318_272_0.jpg Graphic file (type bmp)
<bodyxb/src/102_1132_452_318_272_0.jpg>
File: bodyxb/src/102_1118_1397_331_256_0.jpg Graphic file (type bmp)
<bodyxb/src/102_1118_1397_331_256_0.jpg>
File: bodyxb/src/104_1120_446_334_318_0.jpg Graphic file (type bmp)
<bodyxb/src/104_1120_446_334_318_0.jpg>
 [75]
File: bodyxb/src/104_1110_1331_340_247_0.jpg Graphic file (type bmp)
<bodyxb/src/104_1110_1331_340_247_0.jpg>
File: bodyxb/src/105_1109_485_305_208_0.jpg Graphic file (type bmp)
<bodyxb/src/105_1109_485_305_208_0.jpg>
 [76]
File: bodyxb/src/106_974_593_501_300_0.jpg Graphic file (type bmp)
<bodyxb/src/106_974_593_501_300_0.jpg>
File: bodyxb/src/106_1137_1284_331_245_0.jpg Graphic file (type bmp)
<bodyxb/src/106_1137_1284_331_245_0.jpg>
File: bodyxb/src/108_639_684_330_315_0.jpg Graphic file (type bmp)
<bodyxb/src/108_639_684_330_315_0.jpg>
 [77]
File: bodyxb/src/108_1035_721_415_278_0.jpg Graphic file (type bmp)
<bodyxb/src/108_1035_721_415_278_0.jpg>
File: bodyxb/src/108_763_1638_307_231_0.jpg Graphic file (type bmp)
<bodyxb/src/108_763_1638_307_231_0.jpg>
File: bodyxb/src/108_1141_1636_309_230_0.jpg Graphic file (type bmp)
<bodyxb/src/108_1141_1636_309_230_0.jpg>
 [78]
File: bodyxb/src/110_409_617_341_279_0.jpg Graphic file (type bmp)
<bodyxb/src/110_409_617_341_279_0.jpg>
File: bodyxb/src/110_910_588_329_305_0.jpg Graphic file (type bmp)
<bodyxb/src/110_910_588_329_305_0.jpg>
 [79]
File: bodyxb/src/111_912_223_200_214_0.jpg Graphic file (type bmp)
<bodyxb/src/111_912_223_200_214_0.jpg>
File: bodyxb/src/111_1115_176_277_270_0.jpg Graphic file (type bmp)
<bodyxb/src/111_1115_176_277_270_0.jpg>
 [80]
File: bodyxb/src/111_1147_1734_258_287_0.jpg Graphic file (type bmp)
<bodyxb/src/111_1147_1734_258_287_0.jpg>
File: bodyxb/src/112_1044_472_416_369_0.jpg Graphic file (type bmp)
<bodyxb/src/112_1044_472_416_369_0.jpg>
 [81]
Missing character: There is no ⏜ (U+23DC) in font [lmroman10-regular]:mapping=tex-text;!
Missing character: There is no ⏜ (U+23DC) in font [lmroman10-regular]:mapping=tex-text;!
Missing character: There is no ⏜ (U+23DC) in font [lmroman7-regular]:mapping=tex-text;!
Missing character: There is no ⏜ (U+23DC) in font [lmroman5-regular]:mapping=tex-text;!
Missing character: There is no ⏜ (U+23DC) in font [lmroman10-regular]:mapping=tex-text;!
Missing character: There is no ⏜ (U+23DC) in font [lmroman10-regular]:mapping=tex-text;!
Missing character: There is no ⏜ (U+23DC) in font [lmroman7-regular]:mapping=tex-text;!
Missing character: There is no ⏜ (U+23DC) in font [lmroman5-regular]:mapping=tex-text;!
File: bodyxb/src/114_1090_443_374_246_0.jpg Graphic file (type bmp)
<bodyxb/src/114_1090_443_374_246_0.jpg>
[82]
File: bodyxb/src/117_1097_1276_299_299_0.jpg Graphic file (type bmp)
<bodyxb/src/117_1097_1276_299_299_0.jpg>
File: bodyxb/src/118_1130_302_330_319_0.jpg Graphic file (type bmp)
<bodyxb/src/118_1130_302_330_319_0.jpg>
 [83]
File: bodyxb/src/118_1177_1367_287_357_0.jpg Graphic file (type bmp)
<bodyxb/src/118_1177_1367_287_357_0.jpg>
 [84] [85]
File: bodyxb/src/121_1076_1392_338_287_0.jpg Graphic file (type bmp)
<bodyxb/src/121_1076_1392_338_287_0.jpg>
File: bodyxb/src/122_1016_299_391_308_0.jpg Graphic file (type bmp)
<bodyxb/src/122_1016_299_391_308_0.jpg>
 [86]
File: bodyxb/src/123_1120_467_285_292_0.jpg Graphic file (type bmp)
<bodyxb/src/123_1120_467_285_292_0.jpg>
File: bodyxb/src/125_1128_1279_332_309_0.jpg Graphic file (type bmp)
<bodyxb/src/125_1128_1279_332_309_0.jpg>
 [87]
File: bodyxb/src/126_1100_1331_329_309_0.jpg Graphic file (type bmp)
<bodyxb/src/126_1100_1331_329_309_0.jpg>
 [88]
File: bodyxb/src/129_715_646_711_221_0.jpg Graphic file (type bmp)
<bodyxb/src/129_715_646_711_221_0.jpg>
File: bodyxb/src/129_1097_1445_331_230_0.jpg Graphic file (type bmp)
<bodyxb/src/129_1097_1445_331_230_0.jpg>
 [89]
File: bodyxb/src/130_1144_442_331_371_0.jpg Graphic file (type bmp)
<bodyxb/src/130_1144_442_331_371_0.jpg>
 [90] [91

]
File: bodyxb/src/132_276_480_308_217_0.jpg Graphic file (type bmp)
<bodyxb/src/132_276_480_308_217_0.jpg>
 [92

] [93] [94]
File: bodyxb/src/135_1120_548_330_144_0.jpg Graphic file (type bmp)
<bodyxb/src/135_1120_548_330_144_0.jpg>
 [95] [96] [97

] [98

] [99]
Missing character: There is no ， ("FF0C) in font rm-lmr10!
[100] [101] [102

]
Missing character: There is no π (U+03C0) in font [lmroman10-regular]:mapping=tex-text;!
File: bodyxb/src/144_1221_389_249_289_0.jpg Graphic file (type bmp)
<bodyxb/src/144_1221_389_249_289_0.jpg>
[103

]
Missing character: There is no π (U+03C0) in font [lmroman10-regular]:mapping=tex-text;!
Missing character: There is no π (U+03C0) in font [lmroman10-regular]:mapping=tex-text;!
File: bodyxb/src/144_1141_1392_329_259_0.jpg Graphic file (type bmp)
<bodyxb/src/144_1141_1392_329_259_0.jpg>
File: bodyxb/src/144_1151_1759_319_287_0.jpg Graphic file (type bmp)
<bodyxb/src/144_1151_1759_319_287_0.jpg>
Missing character: There is no ⏜ (U+23DC) in font [lmroman10-regular]:mapping=tex-text;!
Missing character: There is no ⏜ (U+23DC) in font [lmroman10-regular]:mapping=tex-text;!
Missing character: There is no ⏜ (U+23DC) in font [lmroman7-regular]:mapping=tex-text;!
Missing character: There is no ⏜ (U+23DC) in font [lmroman5-regular]:mapping=tex-text;!
[104]
File: bodyxb/src/145_364_1059_203_279_0.jpg Graphic file (type bmp)
<bodyxb/src/145_364_1059_203_279_0.jpg>
File: bodyxb/src/145_702_989_214_349_0.jpg Graphic file (type bmp)
<bodyxb/src/145_702_989_214_349_0.jpg>
File: bodyxb/src/145_1057_1042_157_275_0.jpg Graphic file (type bmp)
<bodyxb/src/145_1057_1042_157_275_0.jpg>
 [105]
File: bodyxb/src/145_1241_1439_178_214_0.jpg Graphic file (type bmp)
<bodyxb/src/145_1241_1439_178_214_0.jpg>
File: bodyxb/src/146_229_349_933_332_0.jpg Graphic file (type bmp)
<bodyxb/src/146_229_349_933_332_0.jpg>
File: bodyxb/src/146_1194_308_252_330_0.jpg Graphic file (type bmp)
<bodyxb/src/146_1194_308_252_330_0.jpg>
 [106]
File: bodyxb/src/146_293_1737_303_259_0.jpg Graphic file (type bmp)
<bodyxb/src/146_293_1737_303_259_0.jpg>
File: bodyxb/src/146_697_1686_323_310_0.jpg Graphic file (type bmp)
<bodyxb/src/146_697_1686_323_310_0.jpg>
File: bodyxb/src/146_1124_1682_319_312_0.jpg Graphic file (type bmp)
<bodyxb/src/146_1124_1682_319_312_0.jpg>
 [107]
File: bodyxb/src/147_1169_1245_281_270_0.jpg Graphic file (type bmp)
<bodyxb/src/147_1169_1245_281_270_0.jpg>
 [108]
File: bodyxb/src/148_1095_1085_328_298_0.jpg Graphic file (type bmp)
<bodyxb/src/148_1095_1085_328_298_0.jpg>
File: bodyxb/src/149_487_303_637_276_0.jpg Graphic file (type bmp)
<bodyxb/src/149_487_303_637_276_0.jpg>
File: bodyxb/src/149_1064_1371_375_329_0.jpg Graphic file (type bmp)
<bodyxb/src/149_1064_1371_375_329_0.jpg>
 [109]
File: bodyxb/src/150_1194_349_270_290_0.jpg Graphic file (type bmp)
<bodyxb/src/150_1194_349_270_290_0.jpg>
File: bodyxb/src/150_1131_1293_335_315_0.jpg Graphic file (type bmp)
<bodyxb/src/150_1131_1293_335_315_0.jpg>
 [110]
File: bodyxb/src/151_1177_1042_256_304_0.jpg Graphic file (type bmp)
<bodyxb/src/151_1177_1042_256_304_0.jpg>
File: bodyxb/src/151_1173_1408_262_236_0.jpg Graphic file (type bmp)
<bodyxb/src/151_1173_1408_262_236_0.jpg>
File: bodyxb/src/151_1047_1698_388_337_0.jpg Graphic file (type bmp)
<bodyxb/src/151_1047_1698_388_337_0.jpg>
 [111] [112]
Missing character: There is no α (U+03B1) in font [lmroman10-regular]:mapping=tex-text;!
Missing character: There is no β (U+03B2) in font [lmroman10-regular]:mapping=tex-text;!
File: bodyxb/src/152_1139_688_294_456_0.jpg Graphic file (type bmp)
<bodyxb/src/152_1139_688_294_456_0.jpg>
Missing character: There is no α (U+03B1) in font [lmroman10-regular]:mapping=tex-text;!
Missing character: There is no β (U+03B2) in font [lmroman10-regular]:mapping=tex-text;!
Missing character: There is no α (U+03B1) in font [lmroman10-regular]:mapping=tex-text;!
Missing character: There is no β (U+03B2) in font [lmroman10-regular]:mapping=tex-text;!
File: bodyxb/src/152_1072_1681_335_315_0.jpg Graphic file (type bmp)
<bodyxb/src/152_1072_1681_335_315_0.jpg>
[113

]
File: bodyxb/src/153_1071_437_341_278_0.jpg Graphic file (type bmp)
<bodyxb/src/153_1071_437_341_278_0.jpg>
File: bodyxb/src/153_846_1364_569_251_0.jpg Graphic file (type bmp)
<bodyxb/src/153_846_1364_569_251_0.jpg>
File: bodyxb/src/154_1065_288_395_279_0.jpg Graphic file (type bmp)
<bodyxb/src/154_1065_288_395_279_0.jpg>
 [114]
File: bodyxb/src/154_1166_1016_295_312_0.jpg Graphic file (type bmp)
<bodyxb/src/154_1166_1016_295_312_0.jpg>
File: bodyxb/src/154_1073_1636_388_239_0.jpg Graphic file (type bmp)
<bodyxb/src/154_1073_1636_388_239_0.jpg>
File: bodyxb/src/155_1075_390_320_275_0.jpg Graphic file (type bmp)
<bodyxb/src/155_1075_390_320_275_0.jpg>
 [115]
Missing character: There is no ⊥ (U+22A5) in font [lmroman10-regular]:mapping=tex-text;!
File: bodyxb/src/156_1134_457_295_197_0.jpg Graphic file (type bmp)
<bodyxb/src/156_1134_457_295_197_0.jpg>
[116]
File: bodyxb/src/156_1099_907_329_285_0.jpg Graphic file (type bmp)
<bodyxb/src/156_1099_907_329_285_0.jpg>
File: bodyxb/src/156_1102_1511_331_317_0.jpg Graphic file (type bmp)
<bodyxb/src/156_1102_1511_331_317_0.jpg>
File: bodyxb/src/157_1189_402_272_271_0.jpg Graphic file (type bmp)
<bodyxb/src/157_1189_402_272_271_0.jpg>
File: bodyxb/src/157_1168_953_295_295_0.jpg Graphic file (type bmp)
<bodyxb/src/157_1168_953_295_295_0.jpg>
 [117]
File: bodyxb/src/157_1211_1565_253_282_0.jpg Graphic file (type bmp)
<bodyxb/src/157_1211_1565_253_282_0.jpg>
File: bodyxb/src/158_1047_307_372_226_0.jpg Graphic file (type bmp)
<bodyxb/src/158_1047_307_372_226_0.jpg>
File: bodyxb/src/158_811_1338_612_320_0.jpg Graphic file (type bmp)
<bodyxb/src/158_811_1338_612_320_0.jpg>
 [118]
File: bodyxb/src/159_1132_527_256_261_0.jpg Graphic file (type bmp)
<bodyxb/src/159_1132_527_256_261_0.jpg>
File: bodyxb/src/159_218_1720_294_292_0.jpg Graphic file (type bmp)
<bodyxb/src/159_218_1720_294_292_0.jpg>
File: bodyxb/src/159_619_1771_296_236_0.jpg Graphic file (type bmp)
<bodyxb/src/159_619_1771_296_236_0.jpg>
 [119]
File: bodyxb/src/159_1017_1734_298_264_0.jpg Graphic file (type bmp)
<bodyxb/src/159_1017_1734_298_264_0.jpg>
File: bodyxb/src/160_1182_172_315_227_0.jpg Graphic file (type bmp)
<bodyxb/src/160_1182_172_315_227_0.jpg>
File: bodyxb/src/160_170_1508_320_230_0.jpg Graphic file (type bmp)
<bodyxb/src/160_170_1508_320_230_0.jpg>
 [120]
File: bodyxb/src/160_529_1447_309_293_0.jpg Graphic file (type bmp)
<bodyxb/src/160_529_1447_309_293_0.jpg>
File: bodyxb/src/160_880_1445_304_292_0.jpg Graphic file (type bmp)
<bodyxb/src/160_880_1445_304_292_0.jpg>
File: bodyxb/src/160_1228_1463_278_272_0.jpg Graphic file (type bmp)
<bodyxb/src/160_1228_1463_278_272_0.jpg>
File: bodyxb/src/161_1127_623_323_216_0.jpg Graphic file (type bmp)
<bodyxb/src/161_1127_623_323_216_0.jpg>
 [121]
File: bodyxb/src/161_1163_1263_289_267_0.jpg Graphic file (type bmp)
<bodyxb/src/161_1163_1263_289_267_0.jpg>
File: bodyxb/src/161_1125_1731_329_135_0.jpg Graphic file (type bmp)
<bodyxb/src/161_1125_1731_329_135_0.jpg>
 [122]
File: bodyxb/src/162_1125_1007_335_290_0.jpg Graphic file (type bmp)
<bodyxb/src/162_1125_1007_335_290_0.jpg>
File: bodyxb/src/163_1123_298_298_322_0.jpg Graphic file (type bmp)
<bodyxb/src/163_1123_298_298_322_0.jpg>
 [123]
File: bodyxb/src/163_1093_1259_333_253_0.jpg Graphic file (type bmp)
<bodyxb/src/163_1093_1259_333_253_0.jpg>
File: bodyxb/src/164_1106_332_337_273_0.jpg Graphic file (type bmp)
<bodyxb/src/164_1106_332_337_273_0.jpg>
File: bodyxb/src/164_1172_1249_274_284_0.jpg Graphic file (type bmp)
<bodyxb/src/164_1172_1249_274_284_0.jpg>
File: bodyxb/src/165_1060_344_356_249_0.jpg Graphic file (type bmp)
<bodyxb/src/165_1060_344_356_249_0.jpg>
 [124]
File: bodyxb/src/165_1125_1239_292_332_0.jpg Graphic file (type bmp)
<bodyxb/src/165_1125_1239_292_332_0.jpg>
File: bodyxb/src/166_1155_295_308_233_0.jpg Graphic file (type bmp)
<bodyxb/src/166_1155_295_308_233_0.jpg>
File: bodyxb/src/166_1139_1260_324_228_0.jpg Graphic file (type bmp)
<bodyxb/src/166_1139_1260_324_228_0.jpg>
File: bodyxb/src/167_1096_287_329_267_0.jpg Graphic file (type bmp)
<bodyxb/src/167_1096_287_329_267_0.jpg>
 [125]
File: bodyxb/src/167_1140_1163_290_304_0.jpg Graphic file (type bmp)
<bodyxb/src/167_1140_1163_290_304_0.jpg>
File: bodyxb/src/168_1162_300_290_341_0.jpg Graphic file (type bmp)
<bodyxb/src/168_1162_300_290_341_0.jpg>
File: bodyxb/src/168_1138_1158_315_275_0.jpg Graphic file (type bmp)
<bodyxb/src/168_1138_1158_315_275_0.jpg>
 [126]
File: bodyxb/src/169_1138_347_290_261_0.jpg Graphic file (type bmp)
<bodyxb/src/169_1138_347_290_261_0.jpg>
File: bodyxb/src/169_1137_1293_295_208_0.jpg Graphic file (type bmp)
<bodyxb/src/169_1137_1293_295_208_0.jpg>
File: bodyxb/src/170_1170_298_290_340_0.jpg Graphic file (type bmp)
<bodyxb/src/170_1170_298_290_340_0.jpg>
File: bodyxb/src/170_1117_1246_339_253_0.jpg Graphic file (type bmp)
<bodyxb/src/170_1117_1246_339_253_0.jpg>
 [127]
File: bodyxb/src/171_1172_291_291_271_0.jpg Graphic file (type bmp)
<bodyxb/src/171_1172_291_291_271_0.jpg>
File: bodyxb/src/171_1162_1145_299_262_0.jpg Graphic file (type bmp)
<bodyxb/src/171_1162_1145_299_262_0.jpg>
File: bodyxb/src/172_1168_417_291_232_0.jpg Graphic file (type bmp)
<bodyxb/src/172_1168_417_291_232_0.jpg>
File: bodyxb/src/172_1100_1256_359_222_0.jpg Graphic file (type bmp)
<bodyxb/src/172_1100_1256_359_222_0.jpg>
 [128]
File: bodyxb/src/173_1165_343_247_356_0.jpg Graphic file (type bmp)
<bodyxb/src/173_1165_343_247_356_0.jpg>
File: bodyxb/src/173_1124_1193_301_329_0.jpg Graphic file (type bmp)
<bodyxb/src/173_1124_1193_301_329_0.jpg>
File: bodyxb/src/174_1114_357_332_268_0.jpg Graphic file (type bmp)
<bodyxb/src/174_1114_357_332_268_0.jpg>
File: bodyxb/src/174_1152_1265_291_340_0.jpg Graphic file (type bmp)
<bodyxb/src/174_1152_1265_291_340_0.jpg>
 [129]
File: bodyxb/src/175_984_362_398_198_0.jpg Graphic file (type bmp)
<bodyxb/src/175_984_362_398_198_0.jpg>
File: bodyxb/src/175_1072_1208_323_338_0.jpg Graphic file (type bmp)
<bodyxb/src/175_1072_1208_323_338_0.jpg>
File: bodyxb/src/176_1104_334_321_243_0.jpg Graphic file (type bmp)
<bodyxb/src/176_1104_334_321_243_0.jpg>
 [130]
File: bodyxb/src/176_1114_1187_312_259_0.jpg Graphic file (type bmp)
<bodyxb/src/176_1114_1187_312_259_0.jpg>
File: bodyxb/src/177_1069_373_323_284_0.jpg Graphic file (type bmp)
<bodyxb/src/177_1069_373_323_284_0.jpg>
File: bodyxb/src/177_1117_1182_278_302_0.jpg Graphic file (type bmp)
<bodyxb/src/177_1117_1182_278_302_0.jpg>
File: bodyxb/src/178_1125_303_335_279_0.jpg Graphic file (type bmp)
<bodyxb/src/178_1125_303_335_279_0.jpg>

Missing character: There is no ⏜ (U+23DC) in font [lmroman10-regular]:mapping=tex-text;!
Missing character: There is no ⏜ (U+23DC) in font [lmroman10-regular]:mapping=tex-text;!
Missing character: There is no ⏜ (U+23DC) in font [lmroman7-regular]:mapping=tex-text;!
Missing character: There is no ⏜ (U+23DC) in font [lmroman5-regular]:mapping=tex-text;!
Missing character: There is no ⏜ (U+23DC) in font [lmroman10-regular]:mapping=tex-text;!
Missing character: There is no ⏜ (U+23DC) in font [lmroman10-regular]:mapping=tex-text;!
Missing character: There is no ⏜ (U+23DC) in font [lmroman7-regular]:mapping=tex-text;!
Missing character: There is no ⏜ (U+23DC) in font [lmroman5-regular]:mapping=tex-text;!
File: bodyxb/src/178_1168_1104_291_256_0.jpg Graphic file (type bmp)
<bodyxb/src/178_1168_1104_291_256_0.jpg>
[131]
File: bodyxb/src/179_1085_356_303_287_0.jpg Graphic file (type bmp)
<bodyxb/src/179_1085_356_303_287_0.jpg>
File: bodyxb/src/179_1134_1210_261_329_0.jpg Graphic file (type bmp)
<bodyxb/src/179_1134_1210_261_329_0.jpg>
File: bodyxb/src/180_1121_300_293_314_0.jpg Graphic file (type bmp)
<bodyxb/src/180_1121_300_293_314_0.jpg>
 [132]
File: bodyxb/src/180_1118_1156_301_242_0.jpg Graphic file (type bmp)
<bodyxb/src/180_1118_1156_301_242_0.jpg>
File: bodyxb/src/181_1232_295_217_337_0.jpg Graphic file (type bmp)
<bodyxb/src/181_1232_295_217_337_0.jpg>
File: bodyxb/src/181_1161_1235_284_339_0.jpg Graphic file (type bmp)
<bodyxb/src/181_1161_1235_284_339_0.jpg>
 [133]
File: bodyxb/src/182_936_684_510_284_0.jpg Graphic file (type bmp)
<bodyxb/src/182_936_684_510_284_0.jpg>
File: bodyxb/src/182_955_1534_484_301_0.jpg Graphic file (type bmp)
<bodyxb/src/182_955_1534_484_301_0.jpg>
File: bodyxb/src/183_573_441_829_292_0.jpg Graphic file (type bmp)
<bodyxb/src/183_573_441_829_292_0.jpg>
 [134]
File: bodyxb/src/183_167_1191_414_209_0.jpg Graphic file (type bmp)
<bodyxb/src/183_167_1191_414_209_0.jpg>
File: bodyxb/src/183_1102_1530_303_166_0.jpg Graphic file (type bmp)
<bodyxb/src/183_1102_1530_303_166_0.jpg>
 [135]
Missing character: There is no ≤ (U+2264) in font [lmroman10-regular]:mapping=tex-text;!
[136

]
File: bodyxb/src/185_1287_575_158_267_0.jpg Graphic file (type bmp)
<bodyxb/src/185_1287_575_158_267_0.jpg>
File: bodyxb/src/185_1090_1516_355_183_0.jpg Graphic file (type bmp)
<bodyxb/src/185_1090_1516_355_183_0.jpg>
 [137

] [138]
File: bodyxb/src/187_1085_1239_338_414_0.jpg Graphic file (type bmp)
<bodyxb/src/187_1085_1239_338_414_0.jpg>
 [139]
File: bodyxb/src/192_1000_534_435_196_0.jpg Graphic file (type bmp)
<bodyxb/src/192_1000_534_435_196_0.jpg>
 [140]
File: bodyxb/src/194_1199_421_264_264_0.jpg Graphic file (type bmp)
<bodyxb/src/194_1199_421_264_264_0.jpg>
 [141]
File: bodyxb/src/194_1130_896_329_256_0.jpg Graphic file (type bmp)
<bodyxb/src/194_1130_896_329_256_0.jpg>
 [142] [143] [144]
Missing character: There is no ⏜ (U+23DC) in font [lmroman10-regular]:mapping=tex-text;!
Missing character: There is no ⏜ (U+23DC) in font [lmroman10-regular]:mapping=tex-text;!
Missing character: There is no ⏜ (U+23DC) in font [lmroman7-regular]:mapping=tex-text;!
Missing character: There is no ⏜ (U+23DC) in font [lmroman5-regular]:mapping=tex-text;!
Missing character: There is no ⏜ (U+23DC) in font [lmroman10-regular]:mapping=tex-text;!
Missing character: There is no ⏜ (U+23DC) in font [lmroman10-regular]:mapping=tex-text;!
Missing character: There is no ⏜ (U+23DC) in font [lmroman7-regular]:mapping=tex-text;!
Missing character: There is no ⏜ (U+23DC) in font [lmroman5-regular]:mapping=tex-text;!
Missing character: There is no ⏜ (U+23DC) in font [lmroman10-regular]:mapping=tex-text;!
Missing character: There is no ⏜ (U+23DC) in font [lmroman10-regular]:mapping=tex-text;!
Missing character: There is no ⏜ (U+23DC) in font [lmroman7-regular]:mapping=tex-text;!
Missing character: There is no ⏜ (U+23DC) in font [lmroman5-regular]:mapping=tex-text;!
File: bodyxb/src/200_1095_902_329_219_0.jpg Graphic file (type bmp)
<bodyxb/src/200_1095_902_329_219_0.jpg>
File: bodyxb/src/200_1097_1211_329_198_0.jpg Graphic file (type bmp)
<bodyxb/src/200_1097_1211_329_198_0.jpg>
[145]
File: bodyxb/src/201_749_1409_655_371_0.jpg Graphic file (type bmp)
<bodyxb/src/201_749_1409_655_371_0.jpg>
 [146] [147]
File: bodyxb/src/204_1097_1783_333_214_0.jpg Graphic file (type bmp)
<bodyxb/src/204_1097_1783_333_214_0.jpg>
 [148] [149] [150] [151

]
File: bodyxb/src/211_1135_463_290_243_0.jpg Graphic file (type bmp)
<bodyxb/src/211_1135_463_290_243_0.jpg>
 [152

] [153] [154] [155] [156

] [157]
File: bodyxb/src/216_1301_1880_144_152_0.jpg Graphic file (type bmp)
<bodyxb/src/216_1301_1880_144_152_0.jpg>
 [158]
File: bodyxb/src/217_1154_170_306_196_0.jpg Graphic file (type bmp)
<bodyxb/src/217_1154_170_306_196_0.jpg>
File: bodyxb/src/217_290_877_457_275_0.jpg Graphic file (type bmp)
<bodyxb/src/217_290_877_457_275_0.jpg>
File: bodyxb/src/217_820_876_180_277_0.jpg Graphic file (type bmp)
<bodyxb/src/217_820_876_180_277_0.jpg>
File: bodyxb/src/217_1069_875_293_279_0.jpg Graphic file (type bmp)
<bodyxb/src/217_1069_875_293_279_0.jpg>
 [159]
File: bodyxb/src/217_312_1886_229_115_0.jpg Graphic file (type bmp)
<bodyxb/src/217_312_1886_229_115_0.jpg>
File: bodyxb/src/217_612_1740_508_258_0.jpg Graphic file (type bmp)
<bodyxb/src/217_612_1740_508_258_0.jpg>
File: bodyxb/src/217_1189_1793_152_205_0.jpg Graphic file (type bmp)
<bodyxb/src/217_1189_1793_152_205_0.jpg>
File: bodyxb/src/218_922_233_473_285_0.jpg Graphic file (type bmp)
<bodyxb/src/218_922_233_473_285_0.jpg>
 [160]
File: bodyxb/src/218_375_695_776_374_0.jpg Graphic file (type bmp)
<bodyxb/src/218_375_695_776_374_0.jpg>
File: bodyxb/src/218_103_1526_698_321_0.jpg Graphic file (type bmp)
<bodyxb/src/218_103_1526_698_321_0.jpg>

Missing character: There is no 〜 (U+301C) in font Songti SC Regular/OT:script=hani;language=dflt;!
[161]
File: bodyxb/src/219_972_536_501_252_0.jpg Graphic file (type bmp)
<bodyxb/src/219_972_536_501_252_0.jpg>
File: bodyxb/src/219_922_1443_551_441_0.jpg Graphic file (type bmp)
<bodyxb/src/219_922_1443_551_441_0.jpg>
File: bodyxb/src/220_1210_865_219_152_0.jpg Graphic file (type bmp)
<bodyxb/src/220_1210_865_219_152_0.jpg>
 [162]
File: bodyxb/src/221_1161_388_295_253_0.jpg Graphic file (type bmp)
<bodyxb/src/221_1161_388_295_253_0.jpg>
 [163]
File: bodyxb/src/221_957_1134_500_284_0.jpg Graphic file (type bmp)
<bodyxb/src/221_957_1134_500_284_0.jpg>
 [164]
File: bodyxb/src/222_1184_617_208_235_0.jpg Graphic file (type bmp)
<bodyxb/src/222_1184_617_208_235_0.jpg>
File: bodyxb/src/222_323_1467_880_326_0.jpg Graphic file (type bmp)
<bodyxb/src/222_323_1467_880_326_0.jpg>
 [165]
File: bodyxb/src/224_886_542_543_396_0.jpg Graphic file (type bmp)
<bodyxb/src/224_886_542_543_396_0.jpg>
 [166]
File: bodyxb/src/225_895_540_545_439_0.jpg Graphic file (type bmp)
<bodyxb/src/225_895_540_545_439_0.jpg>
File: bodyxb/src/226_431_450_784_480_0.jpg Graphic file (type bmp)
<bodyxb/src/226_431_450_784_480_0.jpg>
 [167] [168] [169]
File: bodyxb/src/229_880_619_551_192_0.jpg Graphic file (type bmp)
<bodyxb/src/229_880_619_551_192_0.jpg>
 [170]
File: bodyxb/src/230_813_322_609_306_0.jpg Graphic file (type bmp)
<bodyxb/src/230_813_322_609_306_0.jpg>
 [171] [172] [173] [174]
Missing character: There is no ≥ (U+2265) in font [lmroman10-regular]:mapping=tex-text;!
[175]
File: bodyxb/src/236_272_1117_981_406_0.jpg Graphic file (type bmp)
<bodyxb/src/236_272_1117_981_406_0.jpg>
File: bodyxb/src/237_392_602_882_391_0.jpg Graphic file (type bmp)
<bodyxb/src/237_392_602_882_391_0.jpg>
 [176] [177]
File: bodyxb/src/240_892_349_551_297_0.jpg Graphic file (type bmp)
<bodyxb/src/240_892_349_551_297_0.jpg>
 [178]
File: bodyxb/src/242_950_595_486_359_0.jpg Graphic file (type bmp)
<bodyxb/src/242_950_595_486_359_0.jpg>
 [179] [180]
File: bodyxb/src/246_809_503_599_310_0.jpg Graphic file (type bmp)
<bodyxb/src/246_809_503_599_310_0.jpg>
 [181] [182]
Missing character: There is no ≈ (U+2248) in font [lmroman10-regular]:mapping=tex-text;!
[183] [184] [185] [186] [187]
Missing character: There is no ≥ (U+2265) in font [lmroman10-regular]:mapping=tex-text;!
Missing character: There is no ∈ (U+2208) in font [lmroman10-regular]:mapping=tex-text;!
[188]
File: bodyxb/src/262_223_302_92_87_0.jpg Graphic file (type bmp)
<bodyxb/src/262_223_302_92_87_0.jpg>
File: bodyxb/src/262_387_309_94_83_0.jpg Graphic file (type bmp)
<bodyxb/src/262_387_309_94_83_0.jpg>
File: bodyxb/src/262_554_307_95_85_0.jpg Graphic file (type bmp)
<bodyxb/src/262_554_307_95_85_0.jpg>
File: bodyxb/src/262_722_305_95_85_0.jpg Graphic file (type bmp)
<bodyxb/src/262_722_305_95_85_0.jpg>
File: bodyxb/src/262_898_300_80_79_0.jpg Graphic file (type bmp)
<bodyxb/src/262_898_300_80_79_0.jpg>
File: bodyxb/src/262_1059_301_95_87_0.jpg Graphic file (type bmp)
<bodyxb/src/262_1059_301_95_87_0.jpg>
File: bodyxb/src/262_1234_297_81_79_0.jpg Graphic file (type bmp)
<bodyxb/src/262_1234_297_81_79_0.jpg>
File: bodyxb/src/262_220_561_95_82_0.jpg Graphic file (type bmp)
<bodyxb/src/262_220_561_95_82_0.jpg>
File: bodyxb/src/262_393_554_82_76_0.jpg Graphic file (type bmp)
<bodyxb/src/262_393_554_82_76_0.jpg>
File: bodyxb/src/262_555_553_95_86_0.jpg Graphic file (type bmp)
<bodyxb/src/262_555_553_95_86_0.jpg>
File: bodyxb/src/262_733_551_80_76_0.jpg Graphic file (type bmp)
<bodyxb/src/262_733_551_80_76_0.jpg>
File: bodyxb/src/262_895_551_92_84_0.jpg Graphic file (type bmp)
<bodyxb/src/262_895_551_92_84_0.jpg>
File: bodyxb/src/262_1055_553_94_83_0.jpg Graphic file (type bmp)
<bodyxb/src/262_1055_553_94_83_0.jpg>
File: bodyxb/src/262_1224_552_94_82_0.jpg Graphic file (type bmp)
<bodyxb/src/262_1224_552_94_82_0.jpg>
 [189] [190]
File: bodyxb/src/266_812_1487_583_345_0.jpg Graphic file (type bmp)
<bodyxb/src/266_812_1487_583_345_0.jpg>
File: bodyxb/src/267_934_344_506_396_0.jpg Graphic file (type bmp)
<bodyxb/src/267_934_344_506_396_0.jpg>
 [191] [192] [193

]
Overfull \vbox (18.65576pt too high) has occurred while \output is active []

 [194]
File: bodyxb/src/269_1111_1029_322_257_0.jpg Graphic file (type bmp)
<bodyxb/src/269_1111_1029_322_257_0.jpg>
File: bodyxb/src/270_1052_453_349_207_0.jpg Graphic file (type bmp)
<bodyxb/src/270_1052_453_349_207_0.jpg>
File: bodyxb/src/270_446_1162_678_141_0.jpg Graphic file (type bmp)
<bodyxb/src/270_446_1162_678_141_0.jpg>
 [195

]
File: bodyxb/src/272_189_491_1116_265_0.jpg Graphic file (type bmp)
<bodyxb/src/272_189_491_1116_265_0.jpg>
 [196]
File: bodyxb/src/273_960_1641_456_287_0.jpg Graphic file (type bmp)
<bodyxb/src/273_960_1641_456_287_0.jpg>
 [197] [198] [199

]
Overfull \vbox (84.82155pt too high) has occurred while \output is active []

 [200]
File: bodyxb/src/276_1088_1404_325_227_0.jpg Graphic file (type bmp)
<bodyxb/src/276_1088_1404_325_227_0.jpg>
 [201

] [202] [203]
File: bodyxb/src/283_1116_348_284_271_0.jpg Graphic file (type bmp)
<bodyxb/src/283_1116_348_284_271_0.jpg>
File: bodyxb/src/283_1089_798_315_275_0.jpg Graphic file (type bmp)
<bodyxb/src/283_1089_798_315_275_0.jpg>
 [204]) [205] (./mainxb.aux (./bodyxb/sanniangaokaoliangnianmoni.aux))
 ***********
LaTeX2e <2025-11-01>
L3 programming layer <2022/07/14>
 ***********
Package rerunfilecheck Info: File `mainxb.out' has not changed.
(rerunfilecheck)             Checksum: D41D8CD98F00B204E9800998ECF8427E;0.
 ) 
Here is how much of TeX's memory you used:
 51887 strings out of 468168
 1266812 string characters out of 5432816
 1773487 words of memory out of 5000000
 79378 multiletter control sequences out of 15000+600000
 656686 words of font info for 122 fonts, out of 8000000 for 9000
 1348 hyphenation exceptions out of 8191
 107i,20n,128p,2233b,1234s stack positions out of 10000i,1000n,20000p,200000b,200000s

Output written on mainxb.pdf (205 pages).
